id,email,first_name,last_name,age,program,score
1,foreignexchangedept1@yahoo.com.hk,Anton,Torres,51,Cinta Negra Mobile,6.79
2,williamsgeorgeatmcarddept1@gmail.com,Alissa,Kaiser,28,Cinta Blanca,3.78
3,ericlim220@yahoo.com,Branson,Walton,38,Cinta Blanca,3.82
4,mr.paul.harry08@gmail.com,Liam,Walsh,48,Cinta Blanca,5.76
5,katblix4@gmail.com,Maxwell,Brock,27,Cinta Negra Mobile,6.4
6,felica4uu@hotmail.com,Ava,Kemp,46,Cinta Negra Mobile,9.17
7,j.nomvete30@workmail.co.za,Samson,Moss,43,Cinta Negra Web,3.35
8,paul_ku2@hotmail.com,Michelle,Meyers,53,Cinta Negra Mobile,3.1
9,davis_mark1@outlook.com,Alfredo,Nelson,53,Cinta Blanca,4.69
10,sgtamyrhodes@qq.com,Lincoln,Contreras,46,Cinta Negra Mobile,2.53
11,dhldelivery@pochta.com,Eliezer,Elliott,25,Cinta Blanca,5.82
12,arfinances@live.com,Hazel,Villarreal,25,Cinta Roja,8.36
13,help202@outlook.dk,Daniel,Mejia,28,Cinta Blanca,4.7
14,mrs.gloriamackenie@outlook.com,Rex,Phelps,29,Cinta Blanca,2.87
15,shand_lee@yahoo.com.hk,Boston,Robinson,50,Cinta Negra Mobile,3.1
16,franklinosayandescott@gmail.com,Valery,Mcdonald,48,Cinta Negra Mobile,4.94
17,pmark5193@gmail.com,Erick,Proctor,28,Cinta Negra Web,8.84
18,westernunion1233@yahoo.fr,Talon,Erickson,36,Cinta Blanca,8.21
19,iwumt2015@gmail.com,Maddison,Delacruz,24,Cinta Negra Mobile,7.54
20,mathewgdfoundation@qq.com,Lizeth,Mckinney,24,Cinta Blanca,9.9
21,johnpaulpatrick_77@hotmail.com,Briana,Franco,30,Cinta Roja,5.76
22,davidmike_201@yahoo.co.jp,Cali,Foster,37,Cinta Negra Web,2.98
23,detailsunitednations@gmail.com,Anna,Leon,33,Cinta Negra Mobile,9.82
24,newgovernorcbn2014@gmail.com,Quinn,Wilson,47,Cinta Negra Mobile,5.76
25,gordch101@yahoo.com.hk,Paige,Kelly,29,Cinta Negra Mobile,9.67
26,Petersimonsbacka@swedishmedtech.se.com,Louis,Newton,40,Cinta Roja,7.38
27,dipjsc.dubai@gmail.com,Lesly,Hardy,46,Cinta Roja,7.21
28,dipjsc.uae@gmail.com,Allie,Khan,24,Cinta Negra Mobile,6.93
29,qrtinfoyou@gmail.com,Jayden,Greer,41,Cinta Blanca,1.51
30,executive.jalloh@gmail.com,Gerald,Love,37,Cinta Negra Web,7.16
31,unsubemail55@gmail.com,Danny,Strong,34,Cinta Roja,7.32
32,cpiatbariloche@speedy.com.ar,Cynthia,Jackson,34,Cinta Negra Web,5.71
33,manitoba02@gmail.com,Brendon,Mcintyre,25,Cinta Roja,2.7
34,dr.robertp1@hotmail.com,Dulce,Lawrence,40,Cinta Negra Web,4.44
35,western.union577@qq.com,Sawyer,Humphrey,39,Cinta Roja,8.2
36,upsservices9201@outlook.com,Denise,Bass,33,Cinta Negra Mobile,5.7
37,mr.jamescornwall@qq.com,Kason,Heath,37,Cinta Blanca,1.13
38,frankcartercashflowinvestment@yahoo.com,Allen,Washington,39,Cinta Roja,6.38
39,carlzeichner@email.ch,Damon,Meadows,27,Cinta Roja,8.45
40,barristeronyelilian5@gmail.com,Brenden,Cain,30,Cinta Blanca,8.39
41,mr.paulconnick@hotmail.com,Jayden,Kline,34,Cinta Roja,4.77
42,firstbankplcng@accountant.com,Skylar,Bolton,52,Cinta Blanca,3.82
43,mrbenraymond1957@gmx.com,Elsie,Bryan,45,Cinta Roja,3.49
44,t.pbena1@foxmail.com,Shirley,Macdonald,36,Cinta Negra Mobile,6.2
45,ggregor932@gmail.com,Natalia,Ellison,25,Cinta Negra Web,4.43
46,america-seafood@hotmail.com,Angela,Cherry,30,Cinta Roja,3.61
47,aandmengineering@msn.com,Roberto,Caldwell,21,Cinta Negra Mobile,8.54
48,info@maerskoilgroup.com,Justine,Greene,19,Cinta Negra Web,2.6
49,mrsjanetyellen3@gmail.com,Jayda,Pearson,24,Cinta Negra Mobile,9.93
50,andreidmitrievbulkserver@gmail.com,Tyrese,Werner,52,Cinta Negra Mobile,6.48
51,ousmansoumah003@gmail.com,Alvin,Abbott,49,Cinta Roja,2.2
52,kushi.alltoit@hotmail.com,Karen,Little,36,Cinta Blanca,2.57
53,addaieric002@gmail.com,Felix,Carr,50,Cinta Roja,7.52
54,moneygram08@foxmail.com,Gracie,Lutz,39,Cinta Negra Web,8.1
55,foreignpaymentdepartment@lycos.com,Muhammad,Oneal,31,Cinta Blanca,5.89
56,musolinofinancefinco@gmail.com,Corey,Schmitt,28,Cinta Negra Mobile,2.58
57,2724479582@qq.com,Adrianna,Rivas,47,Cinta Blanca,4.34
58,inf0@pisem.net,Elaina,Evans,27,Cinta Blanca,9.44
59,adom-thiemele@thiemele-lawfirm.com,Ciara,Cisneros,30,Cinta Negra Mobile,5.72
60,hgbfcf9@hotmail.com,Darien,Callahan,44,Cinta Negra Mobile,4.3
61,serline_klein@hotmail.com,Chaz,Hutchinson,28,Cinta Blanca,4.7
62,kindlyremove008@gmail.com,Chris,Thompson,45,Cinta Negra Mobile,8.12
63,mr.andrew_pedro@yahoo.fr,Lilianna,Gay,25,Cinta Roja,6.46
64,mr.andrew_pedro@yahoo.fr,Kody,Dean,44,Cinta Blanca,5.36
65,newlook2k8.bye@gmail.com,Rafael,Clayton,44,Cinta Blanca,6.2
66,cmfinancialservices07@gmail.com,Alessandra,Hanna,26,Cinta Blanca,1.16
67,CameronDokodaFinancialServices@consultant.com,Rocco,Gates,38,Cinta Negra Web,2.78
68,tfgiftinvestment2@gmail.com,German,Howard,51,Cinta Negra Mobile,8.4
69,moneytransferwesternunion75@yahoo.com.vn,Eric,Mccarthy,26,Cinta Roja,9.7
70,leon.hirtle2@hotmail.com,Dayanara,Preston,40,Cinta Blanca,5.52
71,slaveigood1@gmail.com,Cecelia,Morse,31,Cinta Negra Mobile,8.48
72,paull.bben@gmail.com,Saniya,Wolf,37,Cinta Roja,2.6
73,western.u844@mail.ru,Katie,Sloan,41,Cinta Negra Mobile,6.16
74,lottowinnerrewards@gmail.com,Jairo,Haynes,45,Cinta Negra Mobile,9.32
75,david.ellis01@outlook.com,Jaxson,Berg,43,Cinta Blanca,7.97
76,raymond.buxton2015@hotmail.com,Ruby,Orozco,51,Cinta Blanca,3.65
77,kw648@yahoo.com.hk,Morgan,Buckley,50,Cinta Negra Mobile,1.9
78,InfoNedbank.Nedbank@yahoo.co.za,Delilah,Gray,19,Cinta Negra Web,8.2
79,minkolwi@gmail.com,Carolyn,Knapp,27,Cinta Negra Mobile,2.83
80,inamullahkhan627@gmail.com,Dorian,Trujillo,19,Cinta Negra Mobile,6.45
81,foreign.transfer_paymen.dpt@financier.com,Tania,Petersen,52,Cinta Roja,3.48
82,transferdepartment.b@accountant.com,Pedro,Case,52,Cinta Negra Mobile,2.18
83,radheymanager17@hotmail.com,Alyvia,Sullivan,40,Cinta Negra Mobile,6.23
84,stephenpowers601@yahoo.co.jp,Kiana,Munoz,53,Cinta Blanca,5.35
85,western_office1984@yahoo.com,Ralph,Donaldson,26,Cinta Roja,7.59
86,kelvinsmith0000@yahoo.com,Eden,Cowan,35,Cinta Negra Web,3.2
87,kelvinsmith0000@yahoo.com,Skyler,Rose,37,Cinta Roja,2.43
88,brownbolo2013@gmail.com,Javion,Compton,48,Cinta Negra Mobile,5.85
89,Frankbolo121@gmail.com,Kali,Alexander,44,Cinta Negra Web,9.72
90,mrsrabe.maxi@yahoo.in,Simone,Duncan,49,Cinta Blanca,9.61
91,internationalmonetaryfundimf300@yahoo.co.uk,Junior,Waller,19,Cinta Roja,5.41
92,alexander.dryano@yahoo.ie,Danika,Morrison,20,Cinta Blanca,8.31
93,terry.don@live.com,Reed,Friedman,53,Cinta Blanca,3.4
94,telex@swlft-natwest.com,Brenda,Clark,20,Cinta Blanca,6.85
95,info.interpol@bigmir.net,Mallory,Farley,20,Cinta Negra Mobile,2.17
96,aishamummar1@yahoo.com,Trevor,Marshall,40,Cinta Negra Web,7.1
97,jamesdabeni@yahoo.com,Katrina,Craig,30,Cinta Negra Mobile,4.37
98,jamesdabeni777@gmail.com,Tyson,Robbins,30,Cinta Negra Web,8.39
99,f.express2015@yandex.com,Eleanor,Lynch,52,Cinta Negra Mobile,3.71
100,charlesmillssarb@gmail.com,Krystal,Rios,25,Cinta Negra Web,2.77
101,mrsireneloeinfirm1@gmail.com,Zander,Day,39,Cinta Negra Web,7.88
102,waleVCXakande2010@gmail.com,Noah,Navarro,38,Cinta Negra Web,8.59
103,waleakande2010@gmail.com,Leonel,Dickerson,34,Cinta Negra Web,9.86
104,westerntttuuunnion@outlook.com,Madden,Levy,40,Cinta Negra Web,6.8
105,homelandsecdpt01@mail.tj,Kaya,Villanueva,37,Cinta Blanca,2.88
106,efccfile02@mail.tj,Malakai,Pham,48,Cinta Negra Mobile,6.22
107,lbetten102@hotmail.com,Frances,Mcmillan,35,Cinta Negra Web,5.79
108,leon_hirtle11@outlook.com,Isai,Curtis,36,Cinta Negra Mobile,6.2
109,fidelitycapitalltd@qq.com,Taniyah,Charles,19,Cinta Negra Web,6.87
110,barr.lamido-ali11@yandex.com,Nina,Tyler,49,Cinta Blanca,1.34
111,drpaulthibedi@outlook.com,Cody,Perry,54,Cinta Roja,2.4
112,mrsmoris1100@gmail.com,Cara,Harrell,40,Cinta Blanca,3.5
113,1467587340@qq.com,Holly,Harrison,30,Cinta Roja,9.64
114,funds.transfer@gtb-uk.co,Rachel,Wallace,46,Cinta Roja,9.31
115,tkonlineoffice@qq.com,Marquise,Kennedy,19,Cinta Negra Mobile,5.63
116,adrianasunjay@yahoo.fr,Hezekiah,Mckee,51,Cinta Blanca,9.87
117,standardcharteredbnk@mail2sat.com,Gilberto,Chambers,35,Cinta Blanca,5.68
118,gracemanda444@gmail.com,Bridget,Stokes,37,Cinta Roja,1.9
119,lawsonjhs@gmail.com,Lydia,Robles,53,Cinta Negra Mobile,5.54
120,thomasscamp@aliyun.com,Yael,Roth,39,Cinta Blanca,6.3
121,unoffice11@qq.com,Brayan,Dunlap,22,Cinta Blanca,3.31
122,major.banqs231@hotmail.com,Sydnee,Marsh,40,Cinta Blanca,6.63
123,western_union1212@hotmail.com,Duncan,Woods,48,Cinta Roja,4.57
124,jonesjonesjonesm@hotmail.com,Bryce,Schmidt,27,Cinta Negra Web,3.47
125,oneall9901@gmail.com,Luke,Wolfe,41,Cinta Blanca,4.39
126,aishahabdoulaye1@gmail.com,Shaun,Rubio,23,Cinta Negra Mobile,5.78
127,martinrachelle06@hotmail.fr,Jesus,Hayes,39,Cinta Negra Mobile,9.95
128,audrey.lavaros@yahoo.fr,Shaylee,Wu,19,Cinta Negra Mobile,2.53
129,msn.donationdeskclaim@hotmail.com,Mara,Hooper,29,Cinta Roja,7.1
130,freelottopaymentsofficer@gmail.com,Iliana,Bernard,47,Cinta Blanca,4.76
131,William10039@hotmail.com,Brooke,Terrell,26,Cinta Negra Mobile,2.17
132,Marioexport520@hotmail.com,Paul,Castaneda,26,Cinta Negra Mobile,1.43
133,uzoigwe.emmanuel@mail.com,Nasir,Andersen,24,Cinta Blanca,3.29
134,olimpiahacarbaughhat8986@yahoo.com,Mohamed,Boyle,24,Cinta Negra Web,4.33
135,tanwong726@gmail.com,Alonso,Mills,46,Cinta Roja,9.33
136,infophilipcohen@consultant.com,Lexi,Guerra,54,Cinta Blanca,1.8
137,drrobertsbuffet012@hotmail.com,Tabitha,Prince,37,Cinta Blanca,1.46
138,ouedragomrsvera@gmail.com,Amir,York,44,Cinta Blanca,1.82
139,robert@iqnoan.info,Dayami,Snyder,44,Cinta Negra Web,9.6
140,gho.secertary@aol.com,Jamarcus,Flowers,21,Cinta Negra Mobile,2.58
141,eddy.george4455@outlook.com,Alexander,Weeks,30,Cinta Blanca,9.26
142,webvfgrtrty@outlook.com,Madelynn,Monroe,21,Cinta Roja,5.69
143,help204@outlook.com,Valeria,Barber,24,Cinta Blanca,1.92
144,sarbactivationfundunit1@gmail.com,Izabelle,Choi,41,Cinta Roja,1.83
145,mrslilianebettencourt66111@hotmail.com,Jay,Mullins,24,Cinta Negra Mobile,5.33
146,eungerer@mweb.co.za,Glenn,Gross,42,Cinta Blanca,4.18
147,brianphilip.weber@yahoo.com.ph,Julien,Mayer,29,Cinta Roja,2.38
148,jeh.johncharles001@yahoo.com,Rowan,Butler,45,Cinta Blanca,8.28
149,barr.abbey4@gmail.com,Rebekah,Rojas,35,Cinta Negra Web,3.41
150,bensonbaakari@gmail.com,Anne,Peterson,39,Cinta Roja,4.33
151,dr.mustafa050@gmail.com,Gunner,Hughes,43,Cinta Blanca,7.78
152,anitadukson175@hotmail.com,Carolina,Zamora,32,Cinta Blanca,1.67
153,barr-lamido-ali1@yandex.com,Juliette,Wilcox,39,Cinta Blanca,9.92
154,hudsonmartins2360@live.com,Warren,Fisher,31,Cinta Roja,8.25
155,corazonqjmcconneyqjc5284@yahoo.com,Jameson,Hunter,21,Cinta Roja,3.18
156,thaliawvvranekspn4103@yahoo.com,Antwan,Cervantes,28,Cinta Roja,2.8
157,noreneywlichtenwalnerusq8581@yahoo.com,Marcelo,Faulkner,39,Cinta Blanca,3.26
158,louohvanderbeckoha8651@yahoo.com,Andre,Carlson,39,Cinta Roja,5.82
159,pvsuuk1@englandmail.com,Kaiden,Carney,44,Cinta Roja,3.44
160,dhironakaleonard@yahoo.com,Harley,Buchanan,38,Cinta Blanca,4.27
161,djibrilfelix52@gmail.com,Jazmyn,Rich,54,Cinta Negra Mobile,9.84
162,djibrilfelix52@gmail.com,Paxton,Bender,48,Cinta Roja,4.25
163,jerrrmark777@gmail.com,Dashawn,Francis,43,Cinta Roja,2.31
164,darienabraham1@yahoo.com.br,Ronin,Best,41,Cinta Roja,2.77
165,darienabraham@da.bz,Lina,Daniel,43,Cinta Blanca,9.98
166,dr.arek2@hotmail.com,Kenley,Lucas,23,Cinta Roja,5.38
167,Bank@ray.ocn.ne.jp,Teagan,Ware,36,Cinta Blanca,5.43
168,normanchan26@gmail.com,Marie,Shepard,43,Cinta Negra Web,3.49
169,austinandrew200@gmail.com,Maren,Benson,52,Cinta Blanca,4.84
170,brian.pha@usa.com,Ainsley,Gomez,49,Cinta Negra Web,1.79
171,rachaegoude0@gmail.com,Jaylen,Frank,50,Cinta Negra Web,2.49
172,carrieannebradshaw@outlook.fr,Gabriella,Kaufman,30,Cinta Negra Web,5.9
173,dr.carrieannebradshaw@gmail.com,Royce,Johnson,42,Cinta Blanca,6.9
174,hmdabid@hotmail.com,Macey,Burch,23,Cinta Blanca,2.58
175,terry.donn14@yahoo.com.hk,Isaac,Bishop,53,Cinta Blanca,3.59
176,terdon343@gmail.com,Jackson,Valenzuela,45,Cinta Roja,9.24
177,linda_godswill@yahoo.com,Michael,Fitzpatrick,28,Cinta Blanca,2.4
178,shelby1@hera.eonet.ne.jp,Ronnie,Montgomery,47,Cinta Roja,8.14
179,hern54@hotmail.com,Peyton,Vasquez,18,Cinta Blanca,4.92
180,mtw1111@katamail.com,Kimberly,Cannon,19,Cinta Negra Web,8.25
181,johnrob727@aol.com,Maurice,Vazquez,38,Cinta Blanca,9.28
182,john_rob2@aol.com,Gavin,Flores,27,Cinta Roja,1.91
183,james.comeyg11@gmail.com,Yuliana,Berry,52,Cinta Negra Web,4.78
184,t.efremidi@mail.ru,Broderick,Hammond,53,Cinta Blanca,7.66
185,petrov.ringfoo@yandex.ru,Madeline,Henderson,53,Cinta Negra Mobile,9.98
186,jakovlev.liasig@yandex.ru,Abigayle,Thomas,43,Cinta Blanca,1.8
187,kostja-missbut1982@yandex.ru,Clayton,Baker,25,Cinta Negra Web,1.26
188,romanmrpse@rambler.ru,Raegan,Ayala,22,Cinta Blanca,5.29
189,danielle.synclair@gmail.com,Kellen,Jimenez,30,Cinta Negra Mobile,7.7
190,artemtmbor@rambler.ru,Xander,Huerta,40,Cinta Blanca,5.28
191,1303736074@qq.com,Jesse,Sutton,28,Cinta Roja,9.35
192,mtw1111@katamail.com,Draven,Gonzalez,37,Cinta Roja,9.47
193,debreaugregory@fbigov.uk.tn,Rylan,Oneill,22,Cinta Blanca,9.34
194,western.union@qq.com,Kiera,Koch,50,Cinta Negra Mobile,9.61
195,davidwhite@live.com,Desiree,Pennington,30,Cinta Negra Web,2.19
196,metalandgemcompanylimited@gmail.com,Willie,Gardner,21,Cinta Blanca,6.28
197,dada.umaru16@yahoo.com,Mckenzie,Blackburn,30,Cinta Negra Web,9.34
198,ankiro@bredband.net,Britney,Grimes,30,Cinta Negra Web,6.18
199,samirakones@hotmail.com,Aliya,Kramer,33,Cinta Blanca,3.69
200,davedawes222@qq.com,Darren,Fleming,31,Cinta Negra Mobile,5.23
201,fedex_delievery@aol.co.uk,Heather,Joyce,26,Cinta Negra Mobile,3.31
202,mr.baghdadi_alimahmudi@yahoo.co.uk,Hana,Douglas,19,Cinta Negra Mobile,3.71
203,claims101@qq.com,Laylah,Bonilla,20,Cinta Blanca,1.78
204,balajifreightlogistics@gmail.com,Margaret,Wiley,47,Cinta Roja,9.46
205,jinamorgan@outlook.com,Dylan,Serrano,24,Cinta Negra Mobile,9.24
206,officew413@yahoo.it,Sanaa,Velasquez,44,Cinta Negra Web,9.95
207,wesunionhdb@hotmail.com,Francisco,Trevino,50,Cinta Negra Web,6.44
208,jamesdon9053@yahoo.es,Maliyah,Nielsen,45,Cinta Negra Mobile,1.72
209,jamesdon9053@yaahoo.es,Katelyn,Huynh,29,Cinta Negra Mobile,8.47
210,microsoftclaims006@163.com,Fiona,Reed,21,Cinta Roja,1.38
211,offiesh9jhs.1@outlook.com,Zaria,Whitney,36,Cinta Negra Web,6.29
212,dhlcouriercompan@hotmail.com,Lennon,Osborne,23,Cinta Negra Web,9.72
213,alwaleedbintalal@foxmail.com,Keaton,Goodwin,50,Cinta Negra Mobile,2.32
214,agency020@gmail.com,Myah,Strickland,20,Cinta Roja,3.71
215,info1@alwaleedfoundation.co.uk,Emilio,Griffith,27,Cinta Blanca,8.23
216,paul_mbadiwe@daum.net,Kendall,Schroeder,40,Cinta Negra Web,6.7
217,accesscreditbest@gmail.com,Cristofer,Zavala,40,Cinta Blanca,8.51
218,keith.dymock@aol.fr,Armani,Odom,21,Cinta Negra Mobile,1.64
219,info@newdevelopmentbanks.com,Denzel,Frazier,54,Cinta Blanca,1.2
220,claims101@qq.com,America,Beard,25,Cinta Roja,6.68
221,dipjsc0004@gmx.com,Antony,Mclaughlin,34,Cinta Roja,4.43
222,patriciareid@nationallottery.uk.tn,Kaydence,Conner,35,Cinta Negra Web,9.67
223,patriciareid@nationallottery.uk.tn,Konner,Graham,44,Cinta Negra Web,5.5
224,glentaylorassociates@outlook.com,Adam,Dominguez,51,Cinta Negra Web,4.29
225,morganattorneyss@gmail.com,Kenny,Archer,32,Cinta Blanca,8.13
226,morganattorneys@outlook.com,Kael,Malone,21,Cinta Roja,7.89
227,tnb-kl@outlook.my,Keely,Yates,47,Cinta Negra Web,6.25
228,nassir@projectideas.biz,Shyla,Rocha,37,Cinta Blanca,5.33
229,pedro.qu@inbox.lv,Zara,Sanford,33,Cinta Negra Mobile,7.3
230,scoth_smitt@ymail.com,Greta,Valdez,45,Cinta Negra Mobile,1.69
231,pedroquezedafoundation01@hotmail.com,Lyla,Williams,52,Cinta Negra Web,3.35
232,morganattorneyss@gmail.com,Celeste,Galloway,44,Cinta Roja,4.65
233,morganattorneys@outlook.com,Aspen,Houston,25,Cinta Roja,1.95
234,morganattorneyss@gmail.com,Haylie,Travis,30,Cinta Blanca,9.33
235,morganattorneys@outlook.com,Hanna,Holt,34,Cinta Blanca,8.61
236,m2.support@yandex.com,Landyn,Benitez,47,Cinta Blanca,9.81
237,jasmeenmurad@yahoo.co.jp,Jakayla,Gill,28,Cinta Roja,2.4
238,maryalice00.12@postribe.com,Will,Pugh,38,Cinta Blanca,1.13
239,lilianebettecourt19@outlook.com,Emily,Schwartz,39,Cinta Negra Mobile,2.87
240,gracemanda2016@gmail.com,Ryann,Parsons,25,Cinta Blanca,9.32
241,suzannaduke@mynet.com,Malcolm,Mayo,48,Cinta Roja,2.48
242,usapaymentcenter@yahoo.com,Julie,Lee,38,Cinta Negra Web,8.64
243,en.quiries@suddenlink.net,Adolfo,Norman,45,Cinta Blanca,3.37
244,haishamomodu21@hotmail.com,Kristian,Hunt,29,Cinta Blanca,4.43
245,adbbanktogolaise@gmail.com,Baron,Turner,51,Cinta Negra Web,1.93
246,adbankunion@mynet.com,Haleigh,Wiggins,40,Cinta Blanca,1.54
247,lilianebettecourt19@outlook.com,Abraham,Nixon,25,Cinta Blanca,2.28
248,claims101@qq.com,Sandra,Chandler,33,Cinta Negra Web,7.4
249,andrew.durham@acovipcash.com,Rihanna,Booker,54,Cinta Roja,5.96
250,info@evincare.com,Esperanza,Deleon,20,Cinta Negra Web,3.91
251,danielle.synclair@gmail.com,Lorenzo,Maldonado,19,Cinta Negra Web,6.58
252,maureenhinckley@foxmail.com,Zaid,Bradshaw,38,Cinta Blanca,2.4
253,saad_mounia@yahoo.com,Kassidy,Dyer,49,Cinta Blanca,4.47
254,fb_deliveryservice@yeah.net,Audrina,Gibbs,51,Cinta Blanca,7.65
255,dicksonleslie20@gmail.com,Pranav,Daniels,38,Cinta Roja,6.75
256,diplomaticagent766@gmail.com,Lucian,Burnett,49,Cinta Negra Mobile,6.21
257,williamadams086@gmail.com,Patience,Murray,40,Cinta Roja,8.82
258,jamesentwistle71@naftalie.net,Amara,Everett,37,Cinta Negra Mobile,3.95
259,hickmanakagbor@gmail.com,Braelyn,Meyer,39,Cinta Negra Web,7.84
260,dj9512220@gmail.com,Audrey,Hendrix,28,Cinta Negra Mobile,1.42
261,mariakeona3@gmail.com,Jon,Brewer,36,Cinta Negra Mobile,4.29
262,rachelm62@orange.fr,Nehemiah,Lane,47,Cinta Roja,6.41
263,nicolas.nancy@wanadoo.fr,Luca,Church,46,Cinta Negra Mobile,9.94
264,gisette007@gmail.com,Milagros,Clay,19,Cinta Negra Mobile,4.89
265,wester_nunionmone@yahoo.in,Zane,Bennett,52,Cinta Roja,4.91
266,sara.neeley@consultant.com,Lamont,Patel,44,Cinta Roja,8.25
267,abdullahjasim01@hotmail.com,Payten,Henson,52,Cinta Roja,5.74
268,abdulahjasim02@hotmail.com,Vivian,Jefferson,27,Cinta Negra Mobile,5.51
269,mrleonhirtle2@gmail.com,Clark,Sweeney,41,Cinta Negra Mobile,2.57
270,gloriamackenzie12@gmail.com,Sylvia,Fischer,50,Cinta Negra Mobile,1.47
271,mandagrace2015mg@gmail.com,Turner,Cooper,35,Cinta Blanca,5.94
272,dil11awabbas@hotmail.com,Zariah,Suarez,54,Cinta Negra Web,9.79
273,sami.yu01@gmail.com,Cassie,Whitaker,18,Cinta Roja,1.33
274,9tomasb@gmail.com,Maeve,Mccormick,38,Cinta Negra Mobile,6.73
275,sami.yu01@gmail.com,Madalynn,Hernandez,24,Cinta Blanca,2.15
276,9tomasb@gmail.com,Giuliana,Crosby,45,Cinta Negra Mobile,7.69
277,maureenhinckley@foxmail.com,Ernesto,Maxwell,22,Cinta Blanca,7.8
278,saad_mounia@yahoo.com,Hassan,Hinton,48,Cinta Blanca,1.1
279,fb_deliveryservice@yeah.net,Elliana,Marquez,38,Cinta Roja,6.16
280,dicksonleslie20@gmail.com,Silas,Herman,28,Cinta Negra Mobile,6.7
281,diplomaticagent766@gmail.com,Charlee,Salazar,30,Cinta Negra Web,3.92
282,williamadams086@gmail.com,Jaeden,Morgan,31,Cinta Roja,6.64
283,jamesentwistle71@naftalie.net,Cloe,Benton,49,Cinta Roja,9.96
284,christian.dubut@outlook.com,Karson,Mitchell,48,Cinta Roja,1.58
285,DAVIDROYLOANS@GMAIL.COM,Dixie,Patrick,21,Cinta Roja,5.5
286,mohammed.ahmed233@outlook.com,Jazlene,Cooke,20,Cinta Negra Web,7.57
287,danielle.synclair@gmail.com,Scott,Page,40,Cinta Negra Mobile,5.87
288,jerrycook_diplomaticagent@yahoo.com.tw,Guillermo,Lozano,18,Cinta Negra Web,2.2
289,frankejike@outlook.com,Franco,Chung,37,Cinta Roja,6.34
290,patriciareid@nationallottery.uk.tn,Kasey,Hanson,29,Cinta Negra Web,5.72
291,paymentcentereleaseorder@gmail.com,Tucker,Alvarez,31,Cinta Negra Web,5.1
292,ma250095@gmail.com,Donavan,Mcintosh,45,Cinta Negra Mobile,9.92
293,officef673@gmail.com,Barbara,Hart,41,Cinta Roja,6.81
294,normanc011@sbcglobal.net,Marvin,Dickson,31,Cinta Roja,8.92
295,Cyrine@suivi-astro-consult.com,Kaleigh,Harper,54,Cinta Blanca,6.77
296,col.thomascollin@gmail.com,Elyse,Watts,40,Cinta Blanca,2.92
297,moneymoneytransferbj@hotmail.com,Anika,Roach,18,Cinta Blanca,9.41
298,jane.ferguson78@yahoo.com,Kyra,Mcpherson,32,Cinta Roja,2.9
299,pasteur.rick.warren01@mail.ru,Elliot,Kerr,44,Cinta Roja,5.43
300,brigitte.moore@outlook.fr,Richard,Watson,42,Cinta Negra Web,1.62
301,johndavid9195@yahoo.com,Alexa,Brandt,22,Cinta Negra Mobile,9.81
302,hawton@btinternet.com,Molly,Herring,47,Cinta Negra Web,9.12
303,hawton@hotmail.com,Isis,Clarke,49,Cinta Negra Mobile,8.65
304,kartal.solak1@financier.com,Paityn,Ritter,45,Cinta Blanca,4.2
305,rosadraney@armyspy.com,Kaitlynn,David,35,Cinta Negra Web,6.61
306,r3movemesecretly@gmail.com,Travis,Lyons,20,Cinta Roja,4.47
307,miraclemed6000@gmail.com,Kamren,Horne,51,Cinta Negra Mobile,9.93
308,offer2gamers@gmail.com,Riya,Mclean,49,Cinta Negra Mobile,1.66
309,chiefmrstefankrausedb@hotmail.com,Ashlyn,Mack,20,Cinta Negra Mobile,3.45
310,contact@info6.incomefuser.com,Sonia,Martinez,41,Cinta Blanca,2.46
311,gracekevinbest@hotmail.com,Presley,Donovan,49,Cinta Negra Mobile,7.38
312,ramos2gomez@qq.com,Aiden,Duke,29,Cinta Roja,5.73
313,marytaylor@centralbanknig.ng.tn,Zachery,Horn,20,Cinta Negra Web,4.73
314,debreaugregory@fbigov.uk.tn,Orlando,Reynolds,38,Cinta Roja,9.79
315,goggbfilesdept@gmail.com,Gaven,Curry,42,Cinta Roja,8.23
316,goggbfiles@qip.ru,Darryl,Bullock,43,Cinta Negra Mobile,4.87
317,infobriandyts@163.com,Kaylie,Harmon,22,Cinta Negra Mobile,8.17
318,xiamen.aaronn@hotmail.com,Armando,Pope,19,Cinta Negra Mobile,4.72
319,xiamenaaronn@163.com,Zion,Hatfield,30,Cinta Blanca,1.94
320,sussan.karim@yahoo.com,Diya,Estrada,30,Cinta Roja,5.39
321,babyshannon663@gmail.com,Aldo,Potter,25,Cinta Negra Web,7.86
322,barrimario.snchez@mail.ru,Amaya,Rice,20,Cinta Blanca,5.57
323,alartalart99@gmail.com,Cullen,Welch,50,Cinta Roja,1.71
324,jca.mudia@hotmail.com,Charity,Randall,50,Cinta Negra Mobile,1.3
325,supermegatradestar2002@gmail.com,Izayah,Hull,27,Cinta Roja,5.79
326,westteernunion@gmail.com,Raina,Mann,42,Cinta Negra Mobile,8.37
327,hrzig@outlook.jp,Craig,Garner,35,Cinta Negra Mobile,4.55
328,fredhopewell59@outlook.com,Raquel,Esparza,42,Cinta Negra Web,9.12
329,felixacquah2222@gmail.com,Libby,Zimmerman,42,Cinta Roja,9.17
330,liliabettencourt@outlook.com,Addison,Leach,27,Cinta Negra Web,9.15
331,fatima.lawyer@outlook.com,Levi,Potts,46,Cinta Negra Web,9.98
332,dhironakaleonard@yahoo.com,Xiomara,Whitehead,30,Cinta Negra Web,3.96
333,b.anderson@qq.com,Sadie,Stanton,25,Cinta Blanca,9.35
334,marytaylor@centralbanknig.ng.tn,Cohen,Crane,25,Cinta Negra Mobile,9.12
335,goggbfiles@qip.ru,Marley,Oliver,50,Cinta Blanca,3.45
336,clue0017a@yahoo.com.hk,Mathew,Bowman,21,Cinta Roja,5.57
337,ecxraboutet.jeanclaude@orange.fr,Leilani,Good,54,Cinta Blanca,1.8
338,johndavid9195@yahoo.com,Jadyn,Merritt,49,Cinta Blanca,5.6
339,johanna.quandt@foxmail.com,Miguel,Avila,50,Cinta Negra Mobile,7.33
340,littleprincess3231@yahoo.com,Deshawn,Cortez,46,Cinta Negra Web,1.42
341,churngkao@hotmail.com,Heidi,Sheppard,41,Cinta Roja,8.49
342,offic.file146@foxmail.com,Davian,Conway,48,Cinta Negra Mobile,7.78
343,autolotcom@gmail.com,Lilyana,Stein,48,Cinta Negra Mobile,7.97
344,julius_meyer2010@yahoo.com,Troy,Durham,39,Cinta Roja,1.95
345,uk_unify_credit_union@zsk.name,Rory,Branch,29,Cinta Blanca,9.3
346,us_em_brepublic1@yahoo.com.vn,Mina,Scott,30,Cinta Roja,6.7
347,sussan.karim@yahoo.com,Alexandria,Collins,54,Cinta Negra Mobile,3.17
348,barrimario.snchez@mail.ru,Carson,Pierce,29,Cinta Blanca,4.15
349,alartalart99@gmail.com,Jovanni,Conrad,54,Cinta Blanca,4.39
350,johnson.william00@yahoo.com.hk,Dana,Nunez,31,Cinta Negra Web,2.2
351,marytaylor@centralbanknig.ng.tn,Davon,Jordan,40,Cinta Roja,4.84
352,johanna.quandt@foxmail.com,Vanessa,Marks,48,Cinta Roja,9.28
353,jamesdonald377@yahoo.com,Sammy,Coffey,48,Cinta Blanca,6.78
354,donald.odeg2010@outlook.com,Jaelynn,Meza,52,Cinta Negra Mobile,4.46
355,career@esso-ng.com,Charles,Klein,46,Cinta Negra Web,3.55
356,diplomatbencoke1@inbox.lv,Madeleine,Padilla,38,Cinta Roja,2.32
357,serge.lopez2@hotmail.fr,James,Reyes,37,Cinta Roja,6.4
358,eng.samuelzayak@gmail.com,Melanie,Gillespie,46,Cinta Negra Web,6.9
359,young.liukoo@gmail.com,Xavier,Wood,33,Cinta Blanca,4.79
360,young.liukoo1@yahoo.com.hk,Destiney,Richards,23,Cinta Blanca,8.66
361,gglagu@yahoo.com,Aditya,Rogers,37,Cinta Negra Mobile,5.19
362,asdrehdery@yahoo.com,Kristopher,Raymond,37,Cinta Roja,3.32
363,mercytimetime2@yahoo.ca,Kylee,Jacobs,53,Cinta Negra Mobile,5.7
364,clue0017a@yahoo.com.hk,Avery,Hess,24,Cinta Blanca,3.2
365,registration@uncdsecint.org,Ryan,Ruiz,36,Cinta Roja,5.2
366,agneskab44@yahoo.com,Savion,Mcclure,19,Cinta Blanca,3.79
367,kuumi06@yahoo.co.jp,Isiah,Yoder,50,Cinta Negra Web,4.75
368,gregorygregory000@gmail.com,Fabian,Garrett,46,Cinta Negra Mobile,5.25
369,BECKYFINANCIAL@GMAIL.COM,Shannon,Jones,24,Cinta Negra Web,1.66
370,ftk.tauf@foxmail.com,Autumn,Hall,34,Cinta Blanca,2.44
371,Perycandis@foxmail.com,Nadia,Montes,43,Cinta Roja,2.42
372,tanwong726@gmail.com,Jillian,Calhoun,35,Cinta Blanca,3.8
373,wuwestern.union@yahoo.com,Jovany,Barton,22,Cinta Negra Mobile,6.48
374,centbank2015@gmail.com,Ayden,Middleton,30,Cinta Roja,1.13
375,jedda.sens01116@outlook.com,Stella,Velazquez,38,Cinta Roja,9.41
376,uba_bank11@aol.com,Rashad,Coleman,26,Cinta Roja,8.56
377,gomezjuan456123@gmail.com,Kaylin,Ewing,34,Cinta Negra Web,1.88
378,claimsagtbarrgregspencer@gmail.com,Roland,Hancock,33,Cinta Negra Web,7.97
379,adb_develop@yahoo.co.jp,Amiya,Mata,53,Cinta Roja,9.34
380,cfunds@outloook.com,Aniyah,Livingston,47,Cinta Negra Web,5.6
381,almondtradingco@gmail.com,Owen,Arroyo,51,Cinta Blanca,3.89
382,serge.lopez2@hotmail.fr,Nicole,Bray,29,Cinta Blanca,8.81
383,sami.yu01@gmail.com,Lauryn,Pace,18,Cinta Negra Web,5.69
384,mrmarcus.dembialo@sanfranmail.com,Davin,Ross,20,Cinta Roja,7.21
385,robsonraymond@safrica.com,Dillon,Burns,35,Cinta Negra Mobile,4.59
386,ameliaetters131@gmail.com,Braeden,Barrera,54,Cinta Negra Web,1.3
387,g.reichert1949@yahoo.co.nz,Addisyn,Warner,54,Cinta Blanca,6.33
388,jinamorgan55@hotmail.com,Jaylan,Rush,24,Cinta Negra Web,3.57
389,harriethdin@yahoo.com.hk,Elisa,Rasmussen,40,Cinta Blanca,1.56
390,harriethdin@yahoo.com.hk,Lana,Valentine,52,Cinta Negra Mobile,7.1
391,tdentoin67@gmail.com,Serenity,Tapia,34,Cinta Negra Web,4.14
392,musahim556@yahoo.com,Jensen,Allen,53,Cinta Blanca,1.13
393,emm_ebe300@yahoo.com,Mckinley,Flynn,48,Cinta Roja,2.16
394,info.smithsloan@aol.com,Maya,Bright,52,Cinta Negra Mobile,7.11
395,agneskab21@yeah.net,Abril,Graves,35,Cinta Negra Mobile,4.7
396,officei44@yahoo.fr,Wyatt,Neal,35,Cinta Negra Mobile,6.83
397,DAVIDROYLOANS@GMAIL.COM,Angelina,Shields,44,Cinta Roja,2.56
398,smithalwel@gmail.com,Franklin,Beck,21,Cinta Blanca,4.81
399,relianceservice@outlook.com,Evelin,Stewart,45,Cinta Blanca,2.91
400,lil1bettencourt@outlook.com,Jonas,Decker,44,Cinta Blanca,4.79
401,textroadeditor@gmail.com,Alannah,Holmes,38,Cinta Negra Mobile,5.85
402,johndavid9195@yahoo.com,Essence,Giles,52,Cinta Negra Mobile,2.61
403,financialsolution683@gmail.com,Madyson,Schultz,34,Cinta Blanca,3.15
404,jdavid000@she.com,Aden,Christian,22,Cinta Negra Web,2.21
405,Mark_soles2@aol.com,Nikolas,Pineda,50,Cinta Negra Web,7.2
406,info@fedex-ng.ng.tn,Ada,Salinas,32,Cinta Roja,2.62
407,petergoldsteiin@yandex.com,Sarah,Melton,28,Cinta Blanca,3.34
408, usmandiallootline@gmail.com,Lindsay,Santana,54,Cinta Blanca,3.48
409,usembassyorderoftransfer@gmail.com,Amya,Johnston,25,Cinta Negra Mobile,5.95
410,missaishagaddafi27@gmail.com,Georgia,Rowe,41,Cinta Blanca,2.4
411,united2014@cnegal.net,Reid,Grant,18,Cinta Negra Mobile,6.41
412,sothorndara20@gmail.com,Lawrence,Rivers,41,Cinta Negra Web,3.67
413,hwiyeon1@yahoo.com.hk,Chad,Liu,18,Cinta Blanca,3.53
414,relianceservice@outlook.com,Ignacio,Eaton,31,Cinta Roja,4.51
415,ameliesb1950@yahoo.com,Trevin,Rhodes,29,Cinta Roja,8.22
416,davibrowncitibk4@gmail.com,Tatiana,Wade,24,Cinta Negra Web,6.43
417,missammaarah@gmail.com,Norah,Owen,44,Cinta Negra Web,5.96
418,benkennedyonlineservice@gmail.com,Leticia,Robertson,32,Cinta Roja,2.8
419,ouedragomrsvera@gmail.com,Avah,Matthews,18,Cinta Blanca,2.57
420,creditloa27@gmail.com,Kyle,Mcmahon,37,Cinta Blanca,1.27
421,hk773759@hotmail.com,Desmond,Bentley,52,Cinta Roja,8.58
422,johnsonkoff739@yahoo.com.au,Cruz,Chavez,41,Cinta Blanca,8.69
423,9tomasb@gmail.com,Brynn,Savage,42,Cinta Blanca,3.74
424,dr.smithw2@gmail.com,Miracle,Cobb,20,Cinta Roja,7.37
425,marie_holmes@yeah.net,Urijah,Barry,32,Cinta Negra Web,5.84
426,angloamericasaonlin@lenta.ru,Jamir,George,48,Cinta Blanca,9.64
427,mohamadprivate@aol.com,Ansley,Arnold,46,Cinta Blanca,1.28
428,info.tntexpcouriersec@gmail.com,Gunnar,Ortega,53,Cinta Roja,7.3
429,ronaldanthony300@yahoo.co.uk,Tyler,Reid,37,Cinta Roja,6.82
430,azal.narziev@vaqmail.com,Emilia,Ashley,35,Cinta Blanca,8.22
431,info@wilinvestment.com,Rayan,Lester,43,Cinta Roja,4.98
432,nasirah_adams1@yahoo.ie,Tripp,Mendez,38,Cinta Blanca,2.51
433,oxfamuae@foxmail.com,Savanna,Ayers,44,Cinta Negra Web,4.26
434,dipjsc014@financier.com,Josephine,Schaefer,34,Cinta Roja,1.7
435,infodesk.secertary@aim.com,Angel,Vang,22,Cinta Negra Web,8.1
436,remycampbell.esqsol@gmail.com,Chaim,Campos,52,Cinta Blanca,6.44
437,sarafinawilliams111@gmail.com,Angeline,Shaw,43,Cinta Negra Web,6.64
438,tomorris201@gmail.com,Mira,Fernandez,21,Cinta Roja,6.87
439,mrslinascott@gmail.com,Piper,Bond,35,Cinta Roja,3.42
440,jamesbcomey@fbigov.ee.tn,Grady,Hensley,45,Cinta Negra Mobile,7.62
441,augustusjames25@gmail.com,Brogan,Nicholson,25,Cinta Blanca,1.39
442,22999613934@yandex.com,Jade,Arellano,37,Cinta Roja,9.15
443,johndavid9195@yahoo.com,Keith,Guerrero,46,Cinta Roja,8.44
444,kerryjohn657@yahoo.es,Kole,Brooks,25,Cinta Roja,1.4
445,liliabettencourt@outlook.com,Gary,Kent,30,Cinta Negra Mobile,9.82
446,davedawes456@foxmail.com,Ross,Nash,53,Cinta Negra Mobile,3.23
447,federal.reservebank49@gmail.com,Finn,Moses,29,Cinta Negra Mobile,8.5
448,mr.abdulsalam22@gmail.com,Daniella,Harris,36,Cinta Negra Mobile,2.86
449,slaveigood1@gmail.com,Itzel,Dodson,27,Cinta Negra Mobile,3.42
450,jennifferedward@mail.com,Kyleigh,Benjamin,31,Cinta Blanca,9.27
451,adaobicecilia@yahoo.com.au,Andrew,Ward,19,Cinta Negra Web,5.6
452,ubaben@ubaben.com,Kingston,Chen,51,Cinta Negra Web,7.92
453,kenbay1999@yahoo.com,Bradyn,Le,35,Cinta Blanca,1.5
454,drpaulthibedi@outlook.com,Ashlee,Downs,47,Cinta Blanca,2.78
455,financefirm1@att.net,Lee,Sexton,51,Cinta Negra Mobile,6.86
456,mmadamgraca@gmail.com,Manuel,Saunders,24,Cinta Negra Mobile,7.79
457,florinceowusu@yahoo.com,Jaiden,Luna,42,Cinta Negra Web,6.32
458,office.wubagent@yahoo.fr,Kayden,Roberts,54,Cinta Blanca,6.4
459,miss.aisha_gadda02@yahoo.com,Cadence,Barker,50,Cinta Blanca,7.73
460,tradingmall01x@hotmail.com,Tristen,Logan,23,Cinta Blanca,8.97
461,nwlogisticvault@gmail.com,Willow,Paul,30,Cinta Negra Mobile,8.21
462,neilwaudby3030@gmail.com,Cameron,Bailey,18,Cinta Roja,2.39
463,fdmci@aol.com,Karla,Wilkerson,34,Cinta Blanca,2.92
464,dow.agrochemical@gmail.com,Tobias,Mcclain,23,Cinta Roja,6.55
465,uwestern.union@mail.ru,Sergio,Austin,34,Cinta Negra Mobile,2.26
466,mohamadsalif165@gmail.com,Cornelius,Berger,45,Cinta Negra Web,7.51
467,engralbaz1990@gmail.com,Kelly,English,49,Cinta Roja,2.54
468,chris.silky045@gmail.com,Jonathan,Norton,33,Cinta Negra Web,8.74
469,susannicole003@gmail.com,Iyana,Pratt,18,Cinta Roja,8.7
470,lainsap@hotmail.com,Teagan,Sawyer,18,Cinta Negra Web,8.12
471,craigfoster@zoho.com,Waylon,Cox,38,Cinta Roja,2.55
472,lewisbaach1@foxmail.com,Henry,Kelley,50,Cinta Negra Mobile,4.33
473,robert@runiqnoan.com,Douglas,Aguilar,27,Cinta Negra Mobile,7.62
474,seanhagan@imf-usa.ee.t,Ana,Barron,41,Cinta Negra Web,4.87
475,infowesternup@gmail.com,Jordon,Tucker,23,Cinta Roja,1.57
476,georgeadamsesq1@qq.com,Amber,Braun,52,Cinta Blanca,4.51
477,mortgagediligent@hotmail.com,Kash,Hobbs,25,Cinta Roja,8.39
478,dhlcompany0001@gmail.com,Giana,Huff,21,Cinta Negra Mobile,1.62
479,emmanuel.scan@yahoo.com,Malachi,Leonard,47,Cinta Negra Web,3.17
480,sl2015ls@gmail.com,Brynlee,Edwards,52,Cinta Blanca,6.38
481,kenwatson1922@gmail.com,Adrienne,Vaughn,46,Cinta Negra Mobile,9.63
482,missjoyizidu@yahoo.com,Kaila,Perkins,22,Cinta Blanca,7.83
483,officefil00023a@yahoo.co.jp,Alijah,Stafford,19,Cinta Roja,1.35
484,bahijahgharam.kayali@yahoo.com,Braiden,Snow,48,Cinta Roja,7.41
485,greenlaonfirm@live.com,Faith,Duffy,53,Cinta Negra Mobile,7.12
486,r3movemesecretly@gmail.com,Josiah,Hogan,27,Cinta Negra Web,7.7
487,miraclemed6000@gmail.com,Madisyn,Bartlett,27,Cinta Negra Web,9.38
488,fedexcourierexpress@pisem.net,Keyon,Odonnell,44,Cinta Negra Mobile,4.15
489,nicomfirm@gmail.com,Mariam,Conley,54,Cinta Blanca,3.23
490,hrooffice@aim.com,Taliyah,Dennis,53,Cinta Blanca,4.36
491,jobs.futuresofa@gmail.com,Bruce,Mercado,24,Cinta Blanca,9.77
492,alwaleedfoundationuk@gmail.com,Marcus,Pollard,44,Cinta Negra Web,2.45
493,tomorris201@gmail.com,Jamarion,Lynn,29,Cinta Negra Mobile,4.4
494,jamesbcomey@fbigov.ee.tn,Shelby,Obrien,22,Cinta Blanca,1.85
495,haneefa.abdel22@outlook.com,Javier,Lowery,47,Cinta Roja,5.67
496,jameskabore01@gmail.com,Blake,Santos,40,Cinta Blanca,6.87
497,we.un69@yahoo.in,Carla,Bautista,40,Cinta Negra Mobile,6.64
498,Michaelpowell54@outlook.com,Brock,Allison,52,Cinta Roja,8.18
499,westernoffice112@bk.ru,Myles,Lang,52,Cinta Roja,6.81
500,innoussa2015@gmail.com,Nigel,Mays,48,Cinta Negra Web,1.4
501,angela10koffi@gmail.com,Dax,Avery,53,Cinta Roja,1.62
502,p.cox20188@gmail.com,Cheyenne,Morris,30,Cinta Roja,7.66
503,fedexcarepackage@outlook.com,Derrick,Kane,24,Cinta Negra Mobile,4.83
504,jntc_cl@yahoo.co.jp,Brylee,Dawson,36,Cinta Negra Mobile,3.55
505,serge.lopez2@hotmail.fr,Benjamin,Simpson,53,Cinta Negra Mobile,8.27
506,asrienhiie_x10c@yahoo.com,Quintin,Murillo,20,Cinta Roja,3.36
507,cch_lch@yahoo.com,Uriel,Davis,27,Cinta Negra Mobile,3.56
508,garethcnull808@gmail.com,Andrea,Mcgee,53,Cinta Negra Web,1.94
509,Jamesmorrow1@foxmail.com,Kelton,Mosley,40,Cinta Negra Web,1.81
510,avitovam@gmail.com,Xzavier,Cook,37,Cinta Roja,3.65
511,tabb1@internode.on.net,Jaylin,Olsen,31,Cinta Negra Web,7.65
512,jdavid9023@yahoo.com,Ruben,Petty,34,Cinta Roja,2.86
513,contateporemail@bol.com.br,Layla,Hurst,33,Cinta Negra Web,6.74
514,Rania-hassan01@hotmail.com,Landin,Bird,52,Cinta Negra Web,6.23
515,donation1@qq.com,Kenneth,Summers,51,Cinta Roja,8.43
516,alwaleedfunds@yandex.com,Dominick,Noble,48,Cinta Negra Mobile,5.24
517,diplomat.frank88@yahoo.com,Delaney,Sherman,53,Cinta Negra Web,4.91
518,director.koffi@gmail.com,Harper,Palmer,21,Cinta Negra Mobile,2.39
519,chugai887@myfairpoint.net,Abdullah,Boyd,50,Cinta Roja,4.78
520,mohammed.financialloancompany@yahoo.com,Reyna,Chapman,21,Cinta Negra Web,3.49
521,tm.ebcorp@gmail.com,Trenton,Gonzales,49,Cinta Negra Mobile,2.52
522,v-barden11@live.com,Steve,Green,21,Cinta Blanca,6.49
523,rich101angela231@yeah.net,Aniya,Pittman,37,Cinta Blanca,1.63
524,info@oscorpoorategroups.com,Cortez,Drake,49,Cinta Negra Mobile,9.4
525,richardmoseley01@gmail.com,Emma,Shepherd,20,Cinta Blanca,3.33
526,jessicapettersson@qq.com,Jadiel,Collier,22,Cinta Roja,5.13
527,fatima@ali.com,Hugo,Briggs,38,Cinta Negra Mobile,9.43
528,unsubemail55@gmail.com,Leonard,Franklin,26,Cinta Roja,6.53
529,vlad_zolotov@rambler.ru,Sonny,Sims,49,Cinta Negra Mobile,8.94
530,mrs.sarahatul45@gmail.com,Jerome,Smith,29,Cinta Negra Web,8.83
531,barr.tonynwaigwe@gmail.com,Nicolas,Carroll,53,Cinta Negra Web,5.54
532,atmpayment02@mail.ru,Ezekiel,Porter,22,Cinta Roja,4.32
533,lamordeibrahim317@gmail.com,Lena,Atkins,39,Cinta Blanca,2.44
534,maureen.hinckley@gmx.com,Armani,Black,19,Cinta Negra Mobile,7.6
535,mrjamesmorgan2@hotmail.com,Lillian,Tran,28,Cinta Blanca,9.48
536,wunion823@gmail.com,Alyssa,Glass,44,Cinta Blanca,8.18
537,amina.ibrahim21yrs@gmail.com,Jamison,Alvarado,44,Cinta Roja,1.4
538,allisonclade13@yahoo.com,Christine,Finley,47,Cinta Negra Web,3.13
539,brianwilliam207@gmail.com,Brennen,Frey,22,Cinta Negra Web,3.6
540,pocruise@po.iuptown.com,Taniya,Davila,50,Cinta Negra Web,6.46
541,cbank485@gmail.com,Campbell,Gamble,39,Cinta Blanca,8.7
542,ygyamtsho23@gmail.com,Edgar,Acevedo,43,Cinta Roja,5.28
543,uscharityfoundation@rogers.com,Rylie,Gilmore,44,Cinta Negra Mobile,6.33
544,susanjhelm@hotmail.com,Cyrus,Mcdaniel,24,Cinta Negra Web,3.5
545,paulcompaore20@yahoo.fr,Korbin,Copeland,47,Cinta Blanca,3.9
546,marykipkalyakones@hotmail.com,Brent,Wright,30,Cinta Negra Mobile,9.64
547,lilianeh_b@rogers.com,Kolten,Dorsey,24,Cinta Roja,5.22
548,marlainekabore2@gmail.com,Cash,Buck,32,Cinta Negra Web,5.89
549,w_unionplc93@yahoo.com.tr,Dillan,Holden,25,Cinta Roja,1.12
550,wonga@consultant.com,Anabel,Ortiz,38,Cinta Roja,9.88
551,keitagoldsaler@gmail.com,Finley,Mcguire,28,Cinta Negra Web,3.89
552,capt.davidmichael02@y7mail.com,Haven,Brennan,26,Cinta Blanca,3.9
553,susan.nicole62@yahoo.com,Winston,Holloway,41,Cinta Negra Web,8.14
554,msalvardin@gmail.com,Amira,Haas,25,Cinta Negra Mobile,3.78
555,alwaleedfoundation1@outlook.com,Jenny,Harding,26,Cinta Roja,9.51
556,info@diamond-couriers.com,Janae,West,37,Cinta Roja,9.3
557,diamondcourierslimited6@live.com,Joanna,Davidson,32,Cinta Roja,9.87
558,sarahcampbell123@qq.com,Maxim,Holder,29,Cinta Roja,9.54
559,3172787588@qq.com,Aarav,Bush,26,Cinta Negra Web,7.52
560,jamesbcomey@fbigov.ee.tn,Raphael,Adkins,32,Cinta Negra Mobile,9.88
561,lin.lins@aim.com,Donald,Boone,43,Cinta Blanca,6.11
562,elizabethdipuopeterss@gmail.com,Sidney,Parker,29,Cinta Roja,9.48
563,missaishagaddafi27@gmail.com,Aliana,Pacheco,23,Cinta Roja,3.57
564,bancoposta-loansfactors@outlook.com,Alison,Carey,52,Cinta Negra Web,6.2
565,arknadeem@gmail.com,Siena,Weber,21,Cinta Negra Web,7.57
566,debene10@gmail.com,Selah,Anthony,28,Cinta Blanca,3.12
567,imff.africa@gmail.com,Daniela,Fitzgerald,30,Cinta Blanca,8.18
568,abdouraouf@gmail.com,Jamie,Webb,44,Cinta Negra Web,6.62
569,unitftrnas@gmail.com,Nico,Orr,19,Cinta Negra Mobile,2.1
570,cocacolapayunit@qq.com,Athena,Gould,30,Cinta Roja,4.2
571,allen.walton@mercuriaenergydrilling.com,Camille,Haney,42,Cinta Blanca,5.71
572,westuni2014@hotmail.com,Karley,Walters,31,Cinta Negra Mobile,3.9
573,dayaur.de@gmx.us,Jasmine,Doyle,49,Cinta Roja,9.43
574,julietgikuyu@gmail.com,Ingrid,Carpenter,25,Cinta Blanca,9.93
575,gloriamackenzie890@gmail.com,Camren,Mercer,39,Cinta Blanca,6.67
576,ritzcarltonhotelvancouver@worker.com,Aimee,Weiss,39,Cinta Negra Mobile,8.96
577,cicimmigration.gc.ca@brew-master.com,Deanna,Valencia,45,Cinta Negra Web,2.93
578,deliverycourierbj@hotmail.com,Macie,Campbell,40,Cinta Negra Web,7.39
579,auditlogisticdept007@gmail.com,Mareli,Dixon,29,Cinta Blanca,3.13
580,leonidbogatyrchuk030@gmail.com,Selena,Cummings,24,Cinta Negra Web,2.97
581,tntexpress1877@outlook.com,Cristopher,Rivera,48,Cinta Blanca,8.56
582,paulpollard2@aol.com,Alivia,Parrish,27,Cinta Negra Web,5.8
583,paul_pollard@aol.com,Livia,Hebert,32,Cinta Roja,4.92
584,ggregor932@gmail.com,Abram,Blackwell,18,Cinta Roja,5.95
585,pansleong@gmail.com,Aydin,Perez,41,Cinta Negra Web,4.32
586,hotmairutjes63@hotmail.com,Matthew,Johns,54,Cinta Negra Web,9.38
587,mrsbridggie.william2@hotmail.com,Kailyn,Tate,48,Cinta Negra Mobile,2.72
588,margretblessed@aol.com,Haley,Weaver,18,Cinta Blanca,6.88
589,wesmad91@att.net,Semaj,Sosa,23,Cinta Negra Mobile,8.64
590,joymayok@hotmail.com,Chace,Farmer,45,Cinta Roja,1.57
591,help207@outlook.com,Roselyn,Novak,44,Cinta Blanca,9.23
592,barristertonymichaelscham@gmail.com,Ben,Osborn,29,Cinta Roja,7.73
593,paul_aka2015@yahoo.com.sg,Beatrice,Rodriguez,47,Cinta Negra Mobile,6.84
594,martins_johnchandler@outlook.com,Kaitlyn,Riddle,37,Cinta Negra Web,7.12
595,randyy.wod@hotmail.com,Jaidyn,Morales,40,Cinta Blanca,3.4
596,raymondbfundme@gmail.com,Tessa,Dougherty,43,Cinta Negra Web,2.64
597,dhlexpress84@hotmail.com,Caitlyn,Blair,19,Cinta Blanca,7.74
598,mrpatrickton@gmail.com,Angie,Michael,41,Cinta Negra Web,8.72
599,mmoneytransfer@mail.ru,Lacey,Glenn,24,Cinta Blanca,3.85
600,sirhirano.nobuyuki@outlook.jp,Rey,Huffman,32,Cinta Roja,8.5
601,sdfg@learntfromquran.org,Slade,Cameron,20,Cinta Negra Web,2.61
602,meg2@ai-creative.co.jp,Elliott,Manning,54,Cinta Blanca,1.62
603,barryfred@hotmail.com,Marlene,Villegas,46,Cinta Negra Web,8.69
604,jaceykumanta@gmail.com,Alexis,Sandoval,26,Cinta Negra Mobile,3.95
605,poku.mblo@yahoo.com,Giada,Knox,33,Cinta Negra Mobile,2.83
606,skabarov@hotmail.com,Brodie,Spencer,35,Cinta Blanca,7.37
607,allan_rogers@qq.com,Taylor,Shea,30,Cinta Negra Web,9.3
608,wesunionofice7781@outlook.com,Bianca,Long,51,Cinta Roja,5.25
609,wesunionofice7780@outlook.com,Finnegan,Roy,35,Cinta Roja,9.31
610,mnpauljo@gmail.com,Maximillian,Cross,51,Cinta Negra Web,1.1
611,mnpauljon@gmail.com,Liberty,Short,29,Cinta Blanca,4.38
612,wuwestern.union@yahoo.com,Bryson,Mckenzie,36,Cinta Negra Mobile,5.95
613,info.gram@qip.ru,Natalie,Chaney,37,Cinta Negra Web,8.3
614,godwingoodluck@minister.com,Graham,Foley,33,Cinta Roja,7.36
615,oliver_oslin@coolsite.net,Efrain,Lopez,41,Cinta Blanca,7.7
616,za0000sak@gmail.com,Alani,Bryant,19,Cinta Roja,1.19
617,seanhagan@imf-usa.ee.tn,Eliza,Burton,48,Cinta Negra Web,5.1
618,mralwaleed.bintalal678@gmail.com,Ezra,Cantu,40,Cinta Roja,7.8
619,branchmanager.uba@inbox.lv,Kayden,Hickman,36,Cinta Negra Web,6.97
620,branchmanager.uba@inbox.lv,Clara,Jensen,37,Cinta Negra Mobile,5.13
621,rnickson10@yahoo.com.co,Kinley,Olson,35,Cinta Roja,1.45
622,8pnxsvj4se@sneakemail.com,Donovan,Owens,31,Cinta Blanca,9.28
623,upsdfcompanydf@yahoo.fr,Angel,Hartman,47,Cinta Roja,5.34
624,markcarney78@hotmail.com,Toby,Griffin,20,Cinta Negra Mobile,6.92
625,customer.12@foxmail.com,Prince,Moreno,26,Cinta Negra Mobile,6.48
626,jason.clarke17@hotmail.com,Ivan,Hale,53,Cinta Negra Web,8.15
627,sergio.latkov@gmail.com,Kelvin,Rosario,22,Cinta Roja,1.38
628,merriamorwaojode@gmail.com,Kaliyah,Richmond,50,Cinta Blanca,3.2
629,tararjgjrmswqc@repairman.com,Joshua,Miller,22,Cinta Roja,8.8
630,wale.az@yandex.ru,Averie,Camacho,30,Cinta Blanca,7.97
631,joneswildman1@gmail.com,Amirah,Russo,24,Cinta Negra Mobile,1.76
632,westernu678@gmail.com,Marlie,Gordon,46,Cinta Blanca,3.18
633,byrondavis100@gmail.com,Bailey,Castillo,35,Cinta Blanca,3.29
634,investghanaltd.commodity@yahoo.com,Savanah,Walls,54,Cinta Negra Web,1.51
635,konradekwu@gmail.com,Natalee,Hoffman,54,Cinta Blanca,6.51
636,onekingdomzone@outlook.com,Reece,Nolan,35,Cinta Blanca,8.21
637,sergey_alexandro77@hotmail.com,Ezequiel,Atkinson,25,Cinta Negra Web,3.39
638,clue0017a@yahoo.com.hk,Jason,Maynard,34,Cinta Roja,3.52
639,alanjackson76@qq.com,Alondra,Madden,20,Cinta Roja,6.62
640,jackmorgan1979@qq.com,Marquis,Roman,36,Cinta Roja,8.67
641,adworkathomebiz@gmail.com,Omar,Baxter,28,Cinta Negra Mobile,8.97
642,sarah02kouassi@yahoo.com,Araceli,Ball,26,Cinta Negra Mobile,6.73
643,sarah09kouassi@daum.net,Lance,Willis,23,Cinta Negra Mobile,6.91
644,lisajabber1@yahoo.fr,Rodrigo,Warren,40,Cinta Negra Mobile,4.15
645,pastormikekerry1@gmail.com,Rhett,Mccann,36,Cinta Roja,4.84
646,webdieliz@gmail.com,Bryanna,Townsend,28,Cinta Blanca,6.27
647,ambassadorkingsley182@gmail.com,Heaven,Juarez,28,Cinta Negra Mobile,2.39
648,mr.robertajacobson@yahoo.com.tw,Kendal,Nguyen,54,Cinta Blanca,6.4
649,mohamedsa50@hotmail.com,Naima,Velez,28,Cinta Roja,8.28
650,charityinquiries1@qq.com,Lola,Todd,39,Cinta Negra Mobile,3.84
651,j.funds2000000@inbox.lv,Micheal,Hurley,24,Cinta Roja,1.92
652,mytrcitrsh_hhussien@outlook.com,Maverick,Casey,22,Cinta Negra Mobile,7.11
653,williamsgeorge@diplomats.com,Zoie,Jacobson,29,Cinta Blanca,8.95
654,mr.davidmark55@live.com,Jocelyn,King,40,Cinta Negra Web,2.29
655,mr.bashammarliza29@gmail.com,Dalia,Sharp,21,Cinta Roja,9.45
656,meg2@ai-creative.co.jp,Jaden,Wall,38,Cinta Negra Mobile,9.25
657,samir.ali.ltd@hotmail.com,Gracelyn,Hicks,51,Cinta Negra Mobile,9.7
658,mysteryshopper442@outlook.com,Clarence,Carrillo,53,Cinta Roja,4.49
659,African_bank.bf@accountant.com,Liliana,Brown,34,Cinta Roja,1.91
660,atandabig354@gmail.com,Derick,Solis,35,Cinta Blanca,9.93
661,vctcv2@gmail.com,Alonzo,Duarte,51,Cinta Roja,3.37
662,loanavt2@gmail.com,Lucy,Randolph,49,Cinta Negra Web,9.28
663,greatuniversalloans.inc@outlook.com,Averi,Stevenson,22,Cinta Blanca,5.6
664,santha.elysa@gmail.com,Alisson,Parks,51,Cinta Blanca,4.51
665,williamsrussell@qq.com,Samir,Riley,42,Cinta Negra Web,5.67
666,westernunionmespn@yeah.net,Maximus,Leblanc,46,Cinta Blanca,3.13
667,robert@runiqnoan.com,Yaritza,Sparks,34,Cinta Blanca,4.86
668,mdc0001112@yahoo.com.ph,Hannah,Cochran,50,Cinta Roja,3.39
669,alwaleedfoundationukoffice@gmail.com,Caden,Howell,24,Cinta Negra Mobile,8.87
670,money52gram@yahoo.pt,Tristan,Molina,51,Cinta Blanca,9.89
671,aaj02@zipmail.com.br,Yareli,Frederick,44,Cinta Negra Web,7.3
672,smallunit228@gmail.com,Layton,Li,31,Cinta Negra Mobile,9.25
673,anlytcphil@aol.com,Elvis,Andrews,26,Cinta Roja,9.65
674,hassanmohamedelsayed898@gmail.com,Brooks,Vega,37,Cinta Negra Mobile,6.1
675,joao@construtordaweb.com.br,Sean,Cohen,38,Cinta Blanca,7.76
676,ambassador_tonigeria@yahoo.com.ph,Kadin,Mckay,52,Cinta Blanca,7.57
677,jamesmarkfile010@hotmail.fr,Estrella,Espinoza,49,Cinta Roja,5.32
678,janekofie23@yahoo.com,Laura,Young,46,Cinta Blanca,5.51
679,jj9760774@gmail.com,Kobe,Beltran,49,Cinta Roja,8.14
680,mrschristianhenry0645@yahoo.com,Marianna,Larson,23,Cinta Roja,3.78
681,helenmakb@hotmail.com,Maleah,Mcneil,33,Cinta Roja,2.17
682,wes.union96@mail.ru,Rolando,Bowers,36,Cinta Blanca,2.92
683,Adeccopersonnel247@gmail.com,Janiya,Levine,19,Cinta Roja,9.2
684,mrs.elham1@gmail.com,Marc,Escobar,36,Cinta Roja,9.9
685,abamba1961@yahoo.com,Jewel,Hoover,44,Cinta Negra Web,5.54
686,andersonnadege@gmail.com,Thaddeus,Davenport,27,Cinta Blanca,6.96
687,ian-staff@3mail.ie,Austin,Stuart,21,Cinta Roja,2.2
688,courierservicebenin@hotmail.com,Noe,Galvan,25,Cinta Negra Mobile,6.43
689,Taskasgoldcompanyltd@mail2world.com,Marina,Dalton,44,Cinta Roja,3.1
690,georgemensah_goldcompany@yahoo.com,Kaylynn,Gallegos,42,Cinta Negra Mobile,7.93
691,mr.baghdadimohamadu@yahoo.co.uk,Rene,Woodard,18,Cinta Negra Web,5.42
692,s.team1@msnzone.cn,Allyson,Myers,47,Cinta Roja,7.51
693,adrian_bford011@outlook.com,Nikolai,Gallagher,40,Cinta Negra Mobile,2.77
694,pansleong@gmail.com,Guadalupe,Blevins,44,Cinta Negra Web,7.26
695,paul_pollard@aol.com,Elias,Simmons,27,Cinta Blanca,1.28
696,paulpollard2@aol.com,Liana,Combs,48,Cinta Negra Mobile,5.84
697,r.bull0001234@gmail.com,Gisselle,Fry,19,Cinta Roja,9.93
698,redbulllottery@qq.com,Adelyn,Mathis,28,Cinta Negra Web,7.57
699,mail@crashtheatm.com,Jovan,Garcia,52,Cinta Blanca,2.34
700,mrbenraymond1957@gmx.com,Kathy,Fields,29,Cinta Negra Web,1.14
701,patirw12@yahoo.co.uk,April,Zhang,51,Cinta Negra Web,5.4
702,MONEY.WIRE.TRANSFE@foxmail.com,Juan,Mathews,50,Cinta Negra Mobile,9.95
703,ubaplcbank@kimo.com,Brielle,Singh,43,Cinta Roja,1.7
704,info@cash-upfront.com,Aaliyah,Ali,54,Cinta Blanca,5.24
705,pansleong@gmail.com,Reagan,Ballard,38,Cinta Negra Mobile,7.57
706,mrmarcus.dembialo@sanfranmail.com,Moshe,Christensen,41,Cinta Roja,1.16
707,robsonraymond@safrica.com,Case,Kidd,30,Cinta Roja,1.94
708,wongaeasycashloanza@gmail.com,Izaiah,Fuentes,27,Cinta Roja,7.14
709,wumtransfer@yahoo.com,Justice,Herrera,25,Cinta Blanca,4.73
710,mikekwame1@citromail.hu,Judith,Wilkinson,52,Cinta Negra Web,5.55
711,mike_kwame23@hotmail.com,Theodore,White,47,Cinta Blanca,6.87
712,alhajihssan555@yahoo.com,Brady,Salas,18,Cinta Negra Web,1.28
713,dhlexpresszon@gmail.com,Jan,Hester,53,Cinta Blanca,7.56
714,mr.dikeefe134@gmail.com,Raven,Patton,31,Cinta Roja,3.36
715,imflagarde.christ@gmail.com,Curtis,Colon,25,Cinta Negra Mobile,5.45
716,ishaan.webdevelopmentservic@hotmail.com,Allisson,Oconnor,53,Cinta Negra Web,8.18
717,william_philip0004@yahoo.com,Lilia,Hood,50,Cinta Negra Web,9.66
718,muyassarahmadi@outlook.com,Kyson,Powers,27,Cinta Negra Web,9.11
719,mabusseth19@hotmail.com,Calvin,Zuniga,34,Cinta Blanca,2.19
720,mustafaama024@gmail.com,Blaze,Martin,48,Cinta Roja,6.18
721,addo8732@gmail.com,Emiliano,Small,49,Cinta Roja,5.42
722,pastortunde.scoan2015@yahoo.co.uk,Riley,Cline,26,Cinta Roja,3.26
723,fistnote@gmail.com,Abigail,Jarvis,48,Cinta Roja,2.4
724,eliasoliver100@yahoo.com,Christian,Moran,35,Cinta Negra Web,1.4
725,support@wilcoxtech.in,Bella,Hendricks,29,Cinta Negra Web,4.28
726,ruth_clarke2@hotmail.com,Chanel,Ingram,52,Cinta Negra Web,4.93
727,4452234576flores1@gmail.com,Byron,Bradford,42,Cinta Negra Web,6.4
728,mrdavidellis38@gmail.com,Killian,Kim,20,Cinta Negra Web,4.74
729,blackberrylotttery@qq.com,Elena,Wells,40,Cinta Negra Web,7.46
730,dmsdavid05@gmail.com,Kinsley,Cantrell,42,Cinta Roja,8.69
731,lindanaidoo34@hotmail.com,Dennis,Oconnell,27,Cinta Blanca,8.85
732,dhsdesk@outlook.com,Aidyn,Acosta,45,Cinta Roja,3.83
733,didiercasimiro@qq.com,Karina,Ochoa,18,Cinta Negra Mobile,5.68
734,kindlydom@yandex.com,Ronan,Gibson,50,Cinta Roja,9.3
735,ngungi.susan@foxmail.com,Terry,Ramsey,28,Cinta Negra Mobile,1.49
736,donationalwaleeduk@gmail.com,Hayden,Hubbard,44,Cinta Blanca,5.73
737,harold_diamond02@outlook.com,Miah,Gilbert,49,Cinta Negra Mobile,6.93
738,leonh01@hotmail.com,Kamila,Fuller,27,Cinta Negra Mobile,2.56
739,nadeemarkh0@gmail.com,Saige,Solomon,22,Cinta Negra Web,5.8
740,adrian.bford011@gmail.com,London,Lewis,29,Cinta Blanca,3.57
741,rasmusdavid1970@gmail.com,Parker,Mullen,36,Cinta Negra Mobile,9.71
742,fbiscammedvictim@gmail.com,Gia,Rowland,39,Cinta Negra Web,9.4
743,compensationofficephilippines@gmail.com,Shaniya,Moore,28,Cinta Negra Web,1.58
744,centbank2015@gmail.com,Cassius,Pitts,44,Cinta Blanca,8.91
745,atm.swift.card.pay01@gmail.com,Damion,Hawkins,54,Cinta Negra Web,8.79
746,eschaeffler@outlook.de,Colten,Quinn,33,Cinta Blanca,5.32
747,cole@adexec.com,Collin,Bauer,44,Cinta Negra Mobile,1.38
748,johngraceamaka@yahoo.co.uk,Jose,Castro,38,Cinta Negra Mobile,2.82
749,desmondfnbza074@gmail.com,Mylee,Romero,22,Cinta Negra Web,1.22
750,desmondfnbza074@hotmail.com,Catherine,Baird,41,Cinta Negra Mobile,1.92
751,janetsamson93@yahoo.com,Phoenix,Sellers,33,Cinta Negra Mobile,6.71
752,laurenritawilson@yahoo.co.jp,Carlo,Stark,32,Cinta Negra Web,1.61
753,ritaben4@hotmail.com,Santiago,Ramos,27,Cinta Blanca,1.18
754,goldsilvercompany@gmail.com,Bria,French,50,Cinta Negra Mobile,3.44
755,charlesmillssarb@gmail.com,Amare,Gutierrez,40,Cinta Negra Mobile,5.72
756,MRS.SHIRLEYSISMER346@ono.com,Adalynn,Bruce,30,Cinta Negra Web,2.6
757,ibtisamvasr60@msn.com,Jefferson,Andrade,39,Cinta Negra Mobile,3.7
758,diplomatdavidben@diplomats.com,Leland,Fox,20,Cinta Negra Mobile,4.53
759,annamariapicarelli04@gmail.com,Miles,Yu,21,Cinta Roja,6.95
760,james.kadiogo96@ono.com,Rigoberto,Villa,20,Cinta Negra Web,3.97
761,chev4614@gmail.com,Amari,Chase,36,Cinta Blanca,2.1
762,linda_k0123@yahoo.fr,Emmett,Vincent,19,Cinta Negra Web,7.55
763,westernunion_website@yahoo.com,Hunter,Gaines,36,Cinta Blanca,5.48
764,abdullkhal@gmail.com,Alexus,Sanchez,23,Cinta Negra Web,7.27
765,jlh2010x@gmail.com,Haylee,Newman,44,Cinta Blanca,7.31
766,attorneysovann@qq.com,Marlon,Skinner,35,Cinta Roja,1.91
767,dcforce1@gmail.com,Mya,Frye,24,Cinta Roja,5.96
768,Cffoo-gov@presidency.com,Ryland,Forbes,47,Cinta Negra Web,6.65
769,bankgt38@gmail.com,Makayla,Hansen,49,Cinta Blanca,6.89
770,amandrichardson686@gmail.com,Cora,Diaz,41,Cinta Blanca,5.92
771,t9300000000000@gmail.com,Jimmy,Jenkins,19,Cinta Negra Mobile,8.49
772,ch.logan@outlook.com,Logan,Cardenas,33,Cinta Negra Web,9.32
773,abdullahjasim001@barid.com,Shiloh,Thornton,41,Cinta Negra Web,6.6
774,fredrjameswee@outlook.com,Breanna,Mendoza,35,Cinta Roja,4.77
775,sophie_foundation12@outlook.com,Barrett,Gentry,52,Cinta Roja,5.17
776,agentbrunolawrence@1email.eu,Phillip,Barnes,34,Cinta Roja,6.5
777,trustloanlender2013@hotmail.com,Dominic,Barr,26,Cinta Negra Mobile,9.89
778,trustluckyloanlender2013@gmail.com,Mariana,Irwin,49,Cinta Negra Mobile,5.15
779,trustloanlender2013@hotmail.com,Olive,Floyd,31,Cinta Roja,3.51
780,centerinfo1@foxmail.com,Mariyah,Melendez,44,Cinta Blanca,8.76
781,morganabedin@yahoo.com.au,Fletcher,Guzman,45,Cinta Negra Web,8.8
782,neilwaudby84@gmail.com,Lilliana,Henry,49,Cinta Blanca,6.65
783,sharefulgiver@hotmail.com,Linda,Costa,37,Cinta Negra Mobile,1.85
784,info@weirfoundation.co.uk,Julio,Glover,53,Cinta Roja,4.54
785,infohrha@gmail.com,Zaniyah,Shaffer,46,Cinta Roja,4.3
786,goggbfilesdept@gmail.com,Dereon,Mccarty,26,Cinta Negra Mobile,3.1
787,goggbfiles@qip.ru,Darion,Simon,37,Cinta Roja,9.19
788,infobriandyts@163.com,Carissa,Stevens,39,Cinta Negra Web,6.37
789,annaprivate2013@yahoo.com,Cade,Riggs,39,Cinta Blanca,1.61
790,settlements@fert-usa.org,Akira,Winters,28,Cinta Blanca,4.42
791,mrscarolinakhadilim@yahoo.com,Jane,Wyatt,50,Cinta Negra Web,2.2
792,dr.bryond@yahoo.com.sg,Hadley,Pruitt,37,Cinta Roja,8.97
793,OMANRAJID@GMAIL.COM,Alisha,Mcconnell,32,Cinta Negra Mobile,6.95
794,keith.dymock@aol.fr,Kylie,Mcbride,30,Cinta Negra Web,5.81
795,winners262@foxmail.com,Abbie,Swanson,43,Cinta Negra Mobile,3.82
796,alfredfarmer41@gmail.com,Jean,Carter,49,Cinta Blanca,1.95
797,douglasmostoles@yandex.com,Ismael,Boyer,26,Cinta Blanca,1.2
798,francepepsiadvert@ymail.com,Finley,Cruz,46,Cinta Negra Mobile,4.24
799,jamesmacoirahbor_loanfinance@hotmail.com,Reynaldo,Keith,20,Cinta Blanca,7.49
800,marionucla2015@gmail.com,Jerry,Anderson,32,Cinta Negra Mobile,1.4
801,drxingchneg1987@outlook.com,Cindy,Lara,36,Cinta Roja,2.51
802,jamesbcomey@fbi-gov.ee.tn,Holden,Cunningham,22,Cinta Blanca,1.72
803,moneygramch@gmail.com,Gauge,Wagner,50,Cinta Negra Web,8.75
804,mrrichardjackson01@gmail.com,Emilie,Mccoy,49,Cinta Roja,9.95
805,mr.anthonymorgan65@qq.com,Mattie,Rosales,21,Cinta Negra Web,7.97
806,lottowinnerrewards@gmail.com,Conor,Shannon,18,Cinta Negra Web,5.83
807,oscarfinanceloanfirm05@hotmail.com,Alina,Norris,24,Cinta Negra Web,8.87
808,blessedorphanage2000@gmail.com,Maddox,Bradley,27,Cinta Negra Mobile,4.6
809,barristerjimhuck958@gmail.com,Raelynn,Gregory,34,Cinta Blanca,6.36
810,mrsveira002@gmail.com,Mike,Ray,53,Cinta Negra Web,2.41
811,drxingchneg1987@outlook.com,Desirae,Stephens,53,Cinta Roja,7.28
812,jameskabore05@gmail.com,Wendy,Schneider,42,Cinta Roja,8.5
813,aniccet01@gmail.com,Jacqueline,Jennings,42,Cinta Blanca,4.3
814,marionucla2015@gmail.com,Carsen,Reilly,38,Cinta Negra Mobile,8.1
815,anne.welsh.f@gmail.com,Jeremy,Reeves,36,Cinta Roja,4.42
816,danecarterinvestment@gmail.com,Donte,Davies,33,Cinta Negra Web,2.97
817,drolufemiena@gmail.com,Zackery,Reese,39,Cinta Roja,6.89
818,atm_plc@hotmail.com,Elianna,Stone,33,Cinta Roja,7.42
819,raymondbxtonfundme@gmail.com,Annalise,Duran,26,Cinta Blanca,6.8
820,theweirfamily@sky.com,Elle,Cabrera,40,Cinta Negra Web,9.36
821,bankofuba381@gmail.com,Lindsey,Hayden,23,Cinta Negra Web,2.34
822,adamskam@terra.com.ar,Kenyon,Woodward,22,Cinta Negra Mobile,4.24
823,raymondbuxtonfndme@gmail.com,Jayleen,Freeman,43,Cinta Negra Web,4.7
824,pttor_p@yahoo.com.ph,Jamar,Roberson,53,Cinta Roja,7.27
825,jjeepsd@ukr.net,Viviana,Price,50,Cinta Blanca,5.22
826,hamiltonmorganservices@hotmail.com,Halle,Pena,27,Cinta Negra Mobile,7.53
827,m_aison@aol.com,Zachary,Bates,45,Cinta Blanca,2.63
828,sir_kleo@yahoo.com,Matteo,Lin,22,Cinta Blanca,7.82
829,freem796@gmail.com,Kadyn,Ferguson,22,Cinta Negra Web,4.62
830,kathychander@hotmail.com,Leo,Kirk,43,Cinta Blanca,3.25
831,mail2mike02@gmail.com,Paulina,Peters,36,Cinta Negra Web,6.69
832,nazarian.morsi50@hotmail.com,Moses,Ibarra,50,Cinta Negra Mobile,7.7
833,westernunion1915@qq.com,Axel,Hamilton,46,Cinta Roja,5.45
834,mrurmke@workmail.com,Roy,Stanley,36,Cinta Blanca,6.44
835,garykHawkeye@aol.com,Jermaine,Santiago,42,Cinta Negra Mobile,1.94
836,fatima02@yeah.net,Jakob,Lam,35,Cinta Blanca,4.43
837,fatima01@yeah.net,Keyla,Garza,50,Cinta Roja,5.1
838,diplomantlarrybig@gmail.com,Deacon,Shah,29,Cinta Blanca,8.26
839,hazimisa21@yahoo.com,Santino,Hays,40,Cinta Roja,5.82
840,hazim.issa7@aol.fr,Nyla,Daugherty,32,Cinta Negra Mobile,7.73
841,eurociv@rdsor.ro,Crystal,Mccullough,43,Cinta Blanca,3.34
842,Mrs.Chantal.bfbukina.faso@gmx.com,Deja,Hampton,28,Cinta Blanca,6.55
843,juanfosha@gmail.com,Dayana,Bell,20,Cinta Roja,4.9
844,melanie_sonie@yahoo.com,Kara,Chang,29,Cinta Negra Web,7.67
845,williamhowell0@globomail.com,Harper,Baldwin,21,Cinta Negra Mobile,7.36
846,adebayoadejuwon@yahoo.com,Regan,Blankenship,33,Cinta Negra Mobile,6.5
847,bertil.enell@bredband.net,Nicholas,Wang,26,Cinta Negra Web,5.15
848,directorkoffi@yahoo.com,Makai,Terry,19,Cinta Blanca,7.81
849,uuncompensation@excite.com,Claire,Ramirez,26,Cinta Negra Web,1.72
850,danielmminele230@webmail.co.za,Enzo,Sampson,42,Cinta Roja,2.1
851,gateway_loans@live.com,Taylor,Walker,38,Cinta Negra Web,6.44
852,obedmichael27@gmail.com,Allison,Chan,33,Cinta Negra Mobile,9.12
853,shillaknight11@outlook.com,Sincere,Phillips,25,Cinta Blanca,7.95
854,infoweb1715@yahoo.co.nz,Shawn,Huber,29,Cinta Blanca,6.67
855,infoweb1102@gmail.com,Elian,Fowler,30,Cinta Blanca,8.76
856,ngonezamba1@hotmail.com,Sterling,Hudson,37,Cinta Roja,2.4
857,wlscottbean@gmail.com,Zion,Waters,42,Cinta Roja,3.13
858,harolddia001@hotmail.com,Asa,Burgess,30,Cinta Negra Web,9.59
859,tessyolds11@hotmail.com,Scarlet,Becker,43,Cinta Roja,2.33
860,cvfder@vmail.me,Bennett,Vaughan,52,Cinta Negra Mobile,7.33
861,david29h@gmail.com,Justus,Lowe,36,Cinta Blanca,6.82
862,fb273621@gmail.com,Sierra,Vargas,45,Cinta Negra Web,7.97
863,money_gram@list.ru,Jaron,Aguirre,54,Cinta Negra Mobile,4.63
864,molurtina@yandex.com,Angelique,Stephenson,30,Cinta Negra Web,1.92
865,salime.mebaoudj@orange.fr,Eugene,Krause,44,Cinta Blanca,8.76
866,jeffryikaram@gmail.com,Dean,Key,41,Cinta Blanca,2.4
867,rebeccaclaimagent2011@gmail.com,Konnor,Walter,38,Cinta Negra Mobile,8.25
868,eurolive2015@europemail.com,Salvador,Mcfarland,48,Cinta Negra Mobile,1.93
869,freewilldonation11@gmail.com,Hailee,Lamb,30,Cinta Roja,4.83
870,service.messagerie5@outlook.com,Hamza,Moon,25,Cinta Roja,8.84
871,nancy_eeho@yahoo.com,Ally,Golden,30,Cinta Roja,7.1
872,michelleclark.hsbc@gmail.com,Preston,Banks,38,Cinta Negra Web,7.89
873,mrrobertoloris@consultant.com,Theresa,Calderon,33,Cinta Negra Mobile,7.13
874,euromaillive@gmail.com,Corinne,Bridges,32,Cinta Negra Mobile,8.42
875,zenithbanktrustfund1@aol.co.uk,Evie,Harvey,37,Cinta Negra Mobile,9.7
876,ericblair751@yahoo.com,Jaylyn,Lambert,28,Cinta Negra Web,7.57
877,daniel2001bj@yahoo.co.uk,Alice,May,48,Cinta Negra Mobile,8.51
878,loanlender2002@gmail.com,Katherine,Beasley,28,Cinta Blanca,8.83
879,dhl-courierplc@outlook.com,Roger,Soto,28,Cinta Negra Web,3.93
880,lindaanasalaboso23@gmail.com,Yasmine,Sanders,31,Cinta Negra Web,7.13
881,compensationmns@outlook.com,Griffin,Farrell,36,Cinta Negra Mobile,8.98
882,westernunion20@voila.fr,Milo,Montoya,24,Cinta Roja,1.71
883,clement.martins@latinmail.com,Declan,Webster,50,Cinta Negra Web,8.22
884,mrslilianebettencourt66111@hotmail.com,Jordyn,Browning,19,Cinta Negra Web,8.92
885,ssecret140@gmail.com,Renee,Lucero,42,Cinta Blanca,5.72
886,gloriamackenzie1976@gmail.com,Kaleb,Williamson,36,Cinta Blanca,5.12
887,dhlcouriercompany30@gmail.com,Quinten,Mccall,19,Cinta Roja,8.92
888,angelohopel@yahoo.com,Everett,Hill,54,Cinta Blanca,4.48
889,AngeloHopel@hotmail.com,Laci,Wong,30,Cinta Negra Web,9.67
890,marristerfrankmikeatmcard@gmail.com,Cannon,Horton,35,Cinta Negra Mobile,4.75
891,barristerfrankmikeatmcard@gmail.com,Jorden,Rangel,29,Cinta Blanca,2.55
892,3069992014@qq.com,Julia,Park,19,Cinta Negra Web,1.81
893,michaelrobin097@inbox.lv,Julian,Lawson,36,Cinta Roja,2.42
894,westersnuniotranfer@gmail.com,Charlotte,Haley,38,Cinta Negra Web,7.83
895,fotolomdos@speedy.com.ar,Laila,Mcdowell,50,Cinta Negra Mobile,8.71
896,kendall101@mail2world.com,Chana,Armstrong,38,Cinta Blanca,8.46
897,Mschianglaiyuenjp@hotmail.com,Peyton,Macias,50,Cinta Negra Web,3.82
898,jamesmaco_loanfinance@outlook.com,Arely,Russell,54,Cinta Blanca,4.28
899,loanmeoutoffice@fastservice.com,Ashton,Dunn,48,Cinta Roja,8.53
900,missnatashanickwvicausa@aim.com,Neil,Peck,47,Cinta Roja,5.23
901,wviregionalcoordinator@gmail.com,Mariela,Spears,49,Cinta Negra Mobile,4.79
902,secretariat.boursesuisse@mail.com,Atticus,Barajas,50,Cinta Blanca,8.91
903,cooperationfrancesuisse@yahoo.fr,Karter,Figueroa,45,Cinta Roja,1.93
904,white_d28@yahoo.fr,Sebastian,Goodman,51,Cinta Roja,9.44
905,white.david60@yahoo.fr,Jaydan,Knight,23,Cinta Negra Web,6.88
906,rbrom004@gmail.com,Dwayne,Barrett,36,Cinta Blanca,8.97
907,commissionbritish2015@gmail.com,Tyree,Miles,39,Cinta Negra Mobile,8.72
908,dr.anthony_emmanuel@yahoo.fr,Connor,Fletcher,50,Cinta Negra Mobile,9.71
909,md60bin@3mail.ie,Camilla,Krueger,18,Cinta Negra Mobile,2.89
910,bev001@wowway.com,Jadon,Taylor,39,Cinta Negra Mobile,9.54
911,danielwilder540@gmail.com,Fatima,Burke,39,Cinta Negra Web,6.37
912,jamesgreenc5@hotmail.com,Deandre,House,18,Cinta Blanca,1.97
913,tnmbhd.my@outlook.my,Leonardo,Adams,45,Cinta Blanca,6.49
914,jamescomey@fbi-govt.at.vu,Josie,Joseph,37,Cinta Blanca,3.7
915,jamesbcomey@fbi-govt.ee.tn,Mackenzie,Moyer,39,Cinta Negra Web,4.98
916,tifanyletransjy0@rambler.ru,Lorena,Ferrell,28,Cinta Negra Mobile,7.45
917,odesahcraigdesk@gmail.com,Kiara,Huang,23,Cinta Roja,6.3
918,uba.loan_dept@financier.com,Amaris,Yang,45,Cinta Negra Web,6.22
919,williamsmaccarthy10@gmail.com,Jaylee,Nichols,53,Cinta Negra Mobile,7.14
920,donation1@qq.com,Damaris,Landry,35,Cinta Blanca,3.23
921,sarahalade1985@gmail.com,Jacob,Hines,24,Cinta Negra Web,4.89
922,billgatesdonations@qq.com,Journey,Wheeler,31,Cinta Blanca,7.48
923,intawardclaim262@gmail.com,Grant,Carson,37,Cinta Negra Web,7.42
924,officecoo5576@gmail.com,Sienna,Cooley,49,Cinta Negra Mobile,8.77
925,adamskam7@terra.com.ar,Serena,Arias,34,Cinta Negra Mobile,5.66
926,imfoffice486@gmail.com,Dane,Barnett,54,Cinta Blanca,7.15
927,ablba010faial@gmail.com,Philip,Larsen,26,Cinta Roja,7.9
928,williamsmary358@yahoo.com,Jaylynn,Bowen,23,Cinta Roja,7.84
929,vijaysayed.barclays1760@gmail.com,Janiyah,Rodgers,39,Cinta Negra Web,5.64
930,barclaysfinancialhomes@outlook.com,River,Patterson,45,Cinta Negra Mobile,4.5
931,clement.martins@latinmail.com,Weston,Holland,22,Cinta Negra Web,8.68
932,parkstate_b@yahoo.co.id,Precious,Ellis,46,Cinta Blanca,9.84
933,mm896@hotmail.com,Christopher,Keller,44,Cinta Blanca,9.41
934,gtb.benin1@gmail.com,Hector,Mason,35,Cinta Blanca,6.8
935,kristenabarrett@outlook.com,Erica,Blanchard,39,Cinta Negra Web,7.3
936,sabirali_112@hotmail.com,Milton,Brady,28,Cinta Roja,3.72
937,7071tmps@gmail.com,Charlie,Watkins,31,Cinta Blanca,1.67
938,susannicole39@yahoo.com,Nyasia,Dudley,37,Cinta Negra Mobile,3.31
939,mouhamedhassan123@gmail.com,Erik,Vance,20,Cinta Negra Web,5.5
940,www.atm23@outlook.com,Braydon,Morton,40,Cinta Negra Web,9.61
941,barrydjril555@gmail.com,Amanda,Lloyd,42,Cinta Blanca,2.64
942,sgt.akeemuhamed@gmail.com,Rosemary,Booth,46,Cinta Negra Web,3.27
943,jd83308@gmail.com,Titus,Payne,41,Cinta Roja,7.14
944,augschiff4c9h@rambler.ru,Dante,Hodges,42,Cinta Roja,9.31
945,thaliaharsey8f3@rambler.ru,Kian,Higgins,21,Cinta Negra Web,8.81
946,donoygeist@rambler.ru,Joyce,Mooney,25,Cinta Roja,1.72
947,admin@onlinemarketshares.com,Karlie,Mcgrath,41,Cinta Blanca,8.44
948,dariyadaniela@ourmaill.com,Ariel,Lindsey,44,Cinta Negra Web,2.79
949,gregorygregory2009@gmail.com,Skylar,Hopkins,29,Cinta Negra Mobile,1.15
950,eugenape8zihal@rambler.ru,Damian,Cole,40,Cinta Negra Web,2.43
951,asanorpouq@rambler.ru,Braylen,Ponce,42,Cinta Negra Mobile,6.86
952,ilenetustrope@rambler.ru,Gabriela,Rollins,27,Cinta Roja,1.13
953,sowwnoma@rambler.ru,Avery,Moody,39,Cinta Blanca,5.88
954,xprssrio@gmail.com,Mekhi,Estes,20,Cinta Roja,6.68
955,lidavid015@gmail.com,Alec,Frost,53,Cinta Blanca,3.86
956,pdqa1@qq.com,Tristin,Massey,48,Cinta Negra Web,1.63
957,dasgdjames@hotmail.com,Kareem,Howe,50,Cinta Negra Web,8.47
958,msroselin.wilson@yahoo.co.uk,Fernanda,Clements,38,Cinta Negra Mobile,6.3
959,mschaeffler@yandex.ru,Yaretzi,Miranda,24,Cinta Blanca,3.8
960,johngeorge2015@outlook.com,Rohan,Ho,48,Cinta Negra Mobile,1.19
961,889999rbi@gmail.com,Azul,Ryan,47,Cinta Negra Web,2.83
962,davidrrie90@yandex.com,Pamela,Spence,50,Cinta Roja,1.26
963,timonygrows2know@yahoo.es,Erin,Stout,25,Cinta Negra Web,7.61
964,officexoffice090@gmail.com,Wilson,Mueller,33,Cinta Roja,9.71
965,validation_windows@163.com,Memphis,Harrington,49,Cinta Blanca,6.14
966,kellyduffour12@terra.com.pe,Vincent,Morrow,50,Cinta Negra Mobile,1.3
967,hazimissa21@yahoo.com,Evan,Wilkins,27,Cinta Negra Web,3.5
968,ericpower23@yahoo.com,Adrian,James,51,Cinta Negra Mobile,9.32
969,gileadglobal10@gmail.com,Noemi,Hodge,20,Cinta Blanca,2.92
970,c.sawh1975@yahoo.com.au,Leonidas,Underwood,19,Cinta Roja,4.69
971,sharondamouni@yahoo.co.jp,Alan,Hardin,20,Cinta Negra Mobile,6.1
972,lilianebettencourt21@gmail.com,Shyann,Shelton,27,Cinta Negra Mobile,5.94
973,mrpaulfunds98@gmail.com,Aydan,Maddox,38,Cinta Roja,2.87
974,rose_ferret@yahoo.ca,Londyn,Wise,23,Cinta Negra Web,8.33
975,MRJSEBAST@OUTLOOK.COM,Randall,Richard,44,Cinta Roja,3.76
976,efccng_payout@outlook.com,Yadiel,Cuevas,41,Cinta Blanca,5.4
977,dpaj11@hotmail.com,Daisy,Singleton,54,Cinta Negra Web,6.46
978,johnbulley@talktalk.net,Yasmin,Ford,46,Cinta Negra Web,2.25
979,cjayhawks6@reagan.com,Damien,Silva,28,Cinta Negra Web,2.46
980,mrsfatima.abore01@gmail.com,Seth,Murphy,29,Cinta Blanca,2.32
981,informateurcfbe@yahoo.com.br,Jett,Mahoney,43,Cinta Negra Mobile,5.52
982,gemefielecbn2104@gmail.com,Zoe,Powell,51,Cinta Blanca,2.63
983,credit.lucpierre@hotmail.com,Lea,Tanner,37,Cinta Negra Web,4.2
984,mrdavid.wilson@aol.com,Kelsey,Delgado,40,Cinta Blanca,5.92
985,david.wilsosdavid.wilsos@aol.co.uk,Nolan,Kirby,22,Cinta Blanca,1.5
986,mr.owensagness07@gmail.com,Irvin,Byrd,31,Cinta Blanca,8.62
987,bbingham556@outlook.com,Josh,Garrison,34,Cinta Roja,1.77
988,tdentoin67@gmail.com,Jamari,Bean,36,Cinta Negra Web,1.6
989,hassanhadiya65@gmail.com,Drake,Fritz,38,Cinta Negra Mobile,6.61
990,mr.davidlloyd_packer425@yahoo.co.uk,Lawson,Mora,33,Cinta Negra Web,6.1
991,mrsnahlah9@gmail.com,Bridger,Cordova,24,Cinta Negra Web,1.7
992,markwoods099@gmail.com,Zain,Richardson,48,Cinta Roja,4.9
993,newyorkstatesupremecourt9@hotmail.com,Oswaldo,Dillon,39,Cinta Blanca,4.79
994,colinchrisweir@qq.com,Dale,Mcknight,50,Cinta Negra Mobile,8.94
995,colinschrisweir102@gmail.com,Kameron,Blake,41,Cinta Negra Web,2.6
996,dramanekabore90@gmail.com,Luciano,Crawford,18,Cinta Roja,2.74
997,bazie.arrianne@yahoo.com,Lucas,Steele,53,Cinta Roja,1.22
998,falamou@aol.com,Edith,Poole,36,Cinta Negra Mobile,6.57
999,accesscreditbest@gmail.com,Demarion,Hahn,25,Cinta Negra Mobile,1.27
1000,sjafrudinrd001@gmail.com,Mohammad,Medina,26,Cinta Negra Mobile,5.54
1001,rifaat.muhammad52@gmail.com,Karma,Goodwin,39,Cinta Blanca,2.6
1002,gloriamackenzie_donategroup@outlook.com,Maverick,Washington,45,Cinta Negra Web,3.85
1003,clcgroupmails@gmail.com,Pablo,Small,27,Cinta Blanca,9.25
1004,margaretloughre48@qq.com,Avery,Cain,53,Cinta Blanca,1.1
1005,un.sec@aol.com,Damarion,Fitzgerald,23,Cinta Roja,4.2
1006,owengeorge125@e1.ru,Jaylee,Mcmillan,39,Cinta Blanca,3.4
1007,department_atm@outlook.com,Yasmine,Rhodes,30,Cinta Negra Mobile,1.92
1008,upscouriers01@gmail.com,Juliet,Gallagher,28,Cinta Blanca,6.38
1009,drrobertbuffet212@hotmail.com,Zaria,Harrington,19,Cinta Blanca,2.39
1010,ubabank427@gmail.com,Cristian,Ford,37,Cinta Roja,1.57
1011,jazzyjay4141@outlook.com,Mira,Byrd,43,Cinta Blanca,3.46
1012,eco.bankng@contractor.net,Quinn,Mccullough,40,Cinta Roja,4.95
1013,ruthkipkalya000@gmail.com,Yosef,Olsen,39,Cinta Negra Mobile,4.12
1014,sgtmonicab151@outlook.com,Makenna,Potter,40,Cinta Negra Mobile,4.82
1015,shionoqi.co@gmail.com,Adriana,Bonilla,23,Cinta Negra Mobile,2.56
1016,lisataylor2010@yahoo.com,Lucille,Rice,54,Cinta Roja,5.2
1017,ibrahimdanjima02@gmail.com,Maleah,Baird,43,Cinta Roja,1.77
1018,kathiespears5@gmail.com,Nolan,Mays,41,Cinta Negra Web,7.85
1019,pillapillars85214@gmail.com,Trevin,Bell,24,Cinta Roja,4.19
1020,mikiwilliams101@specialinvestigators.onmicrosoft.com,Emilie,Roberts,29,Cinta Negra Web,1.66
1021,marcyjacbo@hotmail.com,Hailee,Joyce,52,Cinta Negra Web,8.13
1022,rodrigue.seton@hotmail.com,Gillian,Pugh,50,Cinta Roja,3.9
1023,illuminati.billionaires.club@onet.pl,Maria,Riddle,20,Cinta Negra Web,9.39
1024,jd83308@gmail.com,Yadiel,Merritt,19,Cinta Negra Mobile,8.13
1025,edwardfoxedwardfox@aol.com,Harmony,Baxter,52,Cinta Negra Mobile,2.26
1026,lisa.powell@familyresearching.com,Layne,Woodard,28,Cinta Negra Mobile,2.15
1027,jessica@cn-cheerys.com,Miley,Alexander,51,Cinta Negra Web,7.81
1028,mrsbridggie.william@hotmail.com,Jamar,Owen,35,Cinta Negra Web,2.14
1029,m.markbowyer001@gmail.com,Zavier,Wells,45,Cinta Negra Web,4.22
1030,latifah.so@aol.com,Milton,Oliver,27,Cinta Roja,2.89
1031,howardassociates100@barid.com,Jonathon,Campos,23,Cinta Blanca,6.89
1032,rekomona@yandex.com,Francis,Moyer,54,Cinta Blanca,2.2
1033,zoe.salome@orange.fr,Nathan,Petersen,31,Cinta Roja,8.66
1034,flores44883630094clark2233@gmail.com,Hezekiah,Nielsen,47,Cinta Blanca,7.38
1035,augustoyemu@yahoo.com.hk,Darren,Lindsey,43,Cinta Roja,3.11
1036,muthootfinanccehome@gmail.com,Mikayla,Nguyen,39,Cinta Negra Mobile,9.13
1037,rosefinancialhelp@gmail.com,Jaden,Case,50,Cinta Negra Mobile,1.22
1038,j_koskinen15@yahoo.com.br,Blaze,Cordova,30,Cinta Negra Web,1.95
1039,anthonybtts@yahoo.com,Declan,Gomez,24,Cinta Negra Mobile,3.34
1040,marvinfinancialhomes@gmail.com,Omari,Hardy,30,Cinta Negra Web,3.13
1041,mr_xiao_gang2@126.com,Beau,Gallegos,20,Cinta Roja,6.27
1042,western_moneytransfer@shqiptar.eu,Bentley,Flynn,27,Cinta Blanca,1.35
1043,Mrs.Chantal.bfbukina.faso@gmx.com,Yuliana,Fleming,26,Cinta Negra Mobile,7.47
1044,madelene_hansen@bredband.net,Tiffany,Pittman,34,Cinta Negra Web,8.2
1045,westeru847@gmail.com,Kaila,Escobar,18,Cinta Roja,2.91
1046,colinwgeir112@gmail.com,Nigel,Carter,31,Cinta Negra Mobile,4.86
1047,geoffreymiller2000@outlook.com,Alisha,Lambert,35,Cinta Blanca,6.96
1048,geoffreymiller2000@hotmail.com,Branden,Estes,35,Cinta Blanca,1.31
1049,anita.p2usa@yahoo.com,Eden,Ho,27,Cinta Negra Mobile,7.78
1050,sallm0salif000@gmail.com,Rory,Collins,34,Cinta Negra Web,2.42
1051,greysondevin444@gmail.com,Boston,Barr,27,Cinta Blanca,3.3
1052,mrs.d.k.a_madueke@muchomail.com,Titus,Townsend,24,Cinta Roja,4.7
1053,Kwame.ofei@mail.com,Brandon,Werner,22,Cinta Roja,1.4
1054,autocfld12@gmail.com,Enrique,Bean,39,Cinta Negra Web,9.4
1055,mr_jannyking@outlook.com,Abram,Fuller,50,Cinta Blanca,6.58
1056,rekomona@yandex.com,Clare,Gamble,41,Cinta Blanca,1.76
1057,etienne.arnould@wanadoo.fr,Emilia,Knapp,27,Cinta Negra Mobile,9.69
1058,momoh.lawson@linuxmail.org,Aryana,Archer,19,Cinta Negra Mobile,6.75
1059,bar_georgealex0@qq.com,Braeden,Villa,28,Cinta Blanca,3.26
1060,mj_1960@aol.com,Ahmad,Knight,42,Cinta Blanca,1.12
1061,dr.mj050@gmail.com,Tristen,Parker,18,Cinta Roja,9.46
1062,dr.jones.m@outlook.com,Killian,Manning,28,Cinta Negra Mobile,1.51
1063,annalmeidahsbc@yahoo.com,Layton,Munoz,48,Cinta Negra Mobile,6.67
1064,corinne1buriere@hotmail.fr,Cohen,Haley,37,Cinta Roja,1.89
1065,patricksonkutti63@gmail.com,Lillian,Copeland,36,Cinta Roja,4.7
1066,sophie_foundation12@outlook.com,Harold,Shah,43,Cinta Roja,3.25
1067,infoheadoffice40@gmail.com,Ignacio,Foley,20,Cinta Roja,2.7
1068,financier@webname.com,Camden,Griffin,23,Cinta Negra Web,9.57
1069,my_shop01@aol.com,Pranav,Orozco,24,Cinta Negra Web,8.14
1070,markjohnsonagent@gmail.com,Orlando,Moss,45,Cinta Blanca,2.25
1071,tnb-careline@outlook.my,Averi,Myers,49,Cinta Negra Web,5.7
1072,tnb2015@outlook.my,Selena,Boyd,29,Cinta Blanca,5.32
1073,httheadofficeee@gmail.com,Callie,Raymond,26,Cinta Negra Mobile,8.64
1074,card16.atm@yandex.com,Bobby,Valdez,45,Cinta Negra Mobile,5.42
1075,foreignpayment@centralbankng.ng.tn,Libby,Estrada,33,Cinta Blanca,1.64
1076,ncl.workingonboard@europe.com,Lia,Montes,41,Cinta Blanca,7.89
1077,tinajimmy4lv@hotmail.com,Kole,Delacruz,27,Cinta Negra Mobile,7.21
1078,stevengaston5@gmail.com,Elsa,Humphrey,32,Cinta Blanca,3.76
1079,wbuffett40@aim.com,Lailah,Stewart,43,Cinta Negra Mobile,5.38
1080,sbmfinances@qq.com,Pedro,Mcgee,53,Cinta Roja,1.89
1081,m_boldon@aol.co.uk,Jonathan,Meadows,22,Cinta Blanca,4.31
1082,ngoziokonjoiweala2006@yahoo.it,Karly,Huber,35,Cinta Roja,8.74
1083,contact@groupefinancevignaud.com,Halle,Riggs,52,Cinta Negra Mobile,6.73
1084,alhajiabdullahikallamu_a@yahoo.com,Iyana,Contreras,41,Cinta Blanca,2.85
1085,shidaii@outlook.com,Lucia,Mendez,50,Cinta Roja,2.1
1086,xunitaclaim@gmail.com,Zackery,Lane,37,Cinta Negra Web,5.66
1087,james.kadiogo56@gmail.com,Shirley,Whitehead,30,Cinta Negra Web,9.12
1088,capt.kristengriest@gmail.com,Simone,Zuniga,26,Cinta Negra Web,8.43
1089,capt.kristengriest@yahoo.com,Grady,Simpson,54,Cinta Blanca,7.3
1090,wg.mty7458@gmail.com,Isla,Zavala,36,Cinta Blanca,5.45
1091,wongaexpressloanoffice@gmail.com,Ethen,Zhang,44,Cinta Roja,4.47
1092,webw4@hotmail.com,Mariana,Holloway,53,Cinta Negra Web,3.32
1093,christelt@christconstruction.net,Reynaldo,Stark,30,Cinta Negra Mobile,1.56
1094,olessyaheavenly2015@yandex.com,Damian,Everett,48,Cinta Negra Web,8.4
1095,jeffreyberm8@yahoo.com,Maren,Kirk,31,Cinta Negra Web,5.4
1096,molurtina@yandex.com,Christian,Curtis,49,Cinta Negra Web,7.28
1097,hajal.castro@wanadoo.fr,Aryan,Mathews,22,Cinta Roja,7.73
1098,tnb_carelines2015@outlook.my,Cayden,Austin,51,Cinta Blanca,3.47
1099,richeleinethiandoume@gmail.com,Odin,Aguirre,19,Cinta Roja,1.28
1100,imfagencychristinelagarde@gmail.com,Willow,Heath,22,Cinta Negra Mobile,6.24
1101,jameskoffi234@outlook.com,Abbey,Moon,29,Cinta Roja,5.93
1102,arianeklamar@gmail.com,Brenda,Ray,20,Cinta Blanca,5.17
1103,davedawes123@qq.com,Deja,Benson,39,Cinta Negra Web,9.68
1104,zamora@terra.com.co,Helena,Pineda,23,Cinta Roja,8.73
1105,soludopublishing@gmail.com,Kane,Roman,29,Cinta Roja,2.46
1106,thomashwacker2@gmail.com,Peyton,Lyons,24,Cinta Negra Web,6.67
1107,contact@expressearningmethods.com,Marvin,Acevedo,54,Cinta Roja,2.14
1108,shionoqi.co1@hotmail.com,Leia,Gaines,27,Cinta Negra Mobile,8.4
1109,costumerserviceupdate@gmail.com,Gaven,Gay,50,Cinta Negra Web,6.8
1110,dukeejonathanloan@gmail.com,Finley,Weiss,43,Cinta Roja,4.63
1111,donna.kwok11@gmail.com,Guadalupe,Gibbs,22,Cinta Negra Web,2.57
1112,andrea.james12@yandex.com,Leticia,Molina,42,Cinta Blanca,4.17
1113,alvishilbasin.ad@gmail.com,Tess,Browning,31,Cinta Negra Web,3.72
1114,savelifeu7@gmail.com,Hazel,Melendez,54,Cinta Negra Web,2.91
1115,maxwellakueke@gmail.com,Deven,Price,21,Cinta Negra Web,7.3
1116,federalbureau.of.investigation_fbi@manager.in.th,Marely,Carroll,32,Cinta Blanca,2.9
1117,officecliant@gmail.com,Destiny,Salinas,39,Cinta Roja,9.3
1118,douglasdlampard@gmail.com,Jaydon,Drake,36,Cinta Roja,8.84
1119,transferwesternunions22@yahoo.com.hk,Ana,Walton,27,Cinta Negra Mobile,1.5
1120,frank.joeseph@mail.ru,Kierra,Elliott,35,Cinta Blanca,6.78
1121,barrjosewilliam@gmail.com,Belen,Norris,51,Cinta Roja,1.78
1122,matthew.baker010@hotmail.com,Kaylin,Cruz,23,Cinta Blanca,5.8
1123,ncl.cruisesline@gmail.com,Jadyn,Meyers,47,Cinta Negra Mobile,4.9
1124,malikwilliamsmm@gmail.com,Triston,Marquez,38,Cinta Negra Web,5.97
1125,mohammdali682@gmail.com,Lauren,Fry,26,Cinta Roja,6.65
1126,cinthiadamayanti909@gmail.com,Moises,Ball,44,Cinta Negra Mobile,5.12
1127,inspectorgeneralofpolice031@gmail.com,Brian,Juarez,22,Cinta Blanca,9.2
1128,info01loan@gmail.com,Andrew,Castro,33,Cinta Negra Mobile,3.4
1129,unccorg@europe.com,Clinton,Nolan,30,Cinta Negra Web,3.69
1130,badongpleta@gmail.com,Terrence,Hendricks,48,Cinta Blanca,7.58
1131,sirjohnsmithfinancepvtltd@gmail.com,Gracelyn,Hayes,36,Cinta Blanca,7.79
1132,angela.dawes@foxmail.com,Ayden,Atkinson,49,Cinta Negra Web,5.77
1133,unitednations.undss@consultant.com,Byron,Goodman,22,Cinta Negra Mobile,8.18
1134,unitednationsdss@gmail.com,Jaiden,Schultz,19,Cinta Roja,1.54
1135,younessiham8@gmail.com,Gerald,Flowers,53,Cinta Negra Mobile,1.1
1136,captlenoraharris@mail.ru,Jaelynn,Mcguire,21,Cinta Roja,3.72
1137,officefile134@ono.com,Maeve,Cherry,39,Cinta Roja,9.39
1138,email.rosy1@gmail.com,Raelynn,Dean,51,Cinta Roja,8.23
1139,serrahabdul01@gmail.com,Sarai,Doyle,44,Cinta Negra Web,4.79
1140,kweasi.nana001@hotmail.com,Ryan,Hayden,31,Cinta Negra Web,2.12
1141,info.un12@aol.fr,Marianna,Gilmore,41,Cinta Negra Web,7.72
1142,christinamhammock2@gmail.com,Camille,Harding,44,Cinta Negra Mobile,7.9
1143,markwillian6@gmail.com,Reid,Hays,22,Cinta Negra Web,2.27
1144,neilirving84@gmail.com,Salvatore,Chang,35,Cinta Blanca,6.28
1145,ekapekkyassociates@yahoo.com,Cruz,Benitez,18,Cinta Roja,8.45
1146,samlaidlaw22@hotmail.com,Andy,Vincent,34,Cinta Negra Mobile,4.98
1147,hennadersson@outlook.com,Melanie,Adkins,35,Cinta Negra Web,1.63
1148,tokyogascoltd@qq.com,Juliette,Cowan,38,Cinta Negra Web,4.43
1149,org.jb12@centrum.sk,Jayce,Ramirez,39,Cinta Blanca,2.9
1150,bilagaanawilliams@yahoo.com,Brett,Pace,26,Cinta Blanca,4.87
1151,davidnorman1100@gmail.com,Summer,Clay,37,Cinta Negra Web,7.97
1152,mituo1himeji@yahoo.co.jp,Cannon,Vargas,19,Cinta Negra Web,7.4
1153,henrycosh923@yahoo.com.br,Mckenzie,Meyer,27,Cinta Roja,3.53
1154,unicef.france@outlook.com,Kailey,Calderon,46,Cinta Blanca,6.36
1155,cfs76598@foxmail.com,Sincere,Montoya,25,Cinta Negra Web,9.1
1156,socialfinnance@india.com,Antonio,Shepard,49,Cinta Roja,9.88
1157,georgekookaburra@gmail.com,Felipe,Gates,49,Cinta Roja,4.53
1158,afc.reg@hotmail.com,Conner,Cabrera,54,Cinta Negra Web,9.78
1159,yhuo@llo.com,Keenan,Robbins,37,Cinta Blanca,9.5
1160,officeservice000@gmail.com,Deacon,Sims,40,Cinta Negra Web,7.3
1161,alvis.hilbasin.211@gmail.com,Serenity,Keller,22,Cinta Blanca,5.2
1162,marialust96@gmail.com,Carina,Mccormick,19,Cinta Negra Mobile,7.88
1163,ruizwuwu@gmail.com,Mariela,Armstrong,27,Cinta Negra Web,2.22
1164,minta00o@hotmail.com,Eric,Kelley,26,Cinta Negra Mobile,5.61
1165,suzanboni1@yahoo.com,Harley,Murray,18,Cinta Negra Web,9.1
1166,ezekiellasantos@yahoo.fr,Luciano,Costa,23,Cinta Negra Mobile,4.49
1167,dclcruisecareer@anaustralian.com,Malcolm,Newton,34,Cinta Roja,8.92
1168,payout_efccng@qq.com,Briley,Schmidt,43,Cinta Negra Mobile,2.53
1169,lillianwilson24@hotmail.com,Van,Adams,48,Cinta Negra Mobile,6.57
1170,toolzonesltd1@gmail.com,Yahir,Hansen,38,Cinta Blanca,9.8
1171,clementkengho@rambler.ru,Chase,Yates,29,Cinta Roja,2.14
1172,gregorygregory445@gmail.com,Layla,Mcgrath,34,Cinta Negra Mobile,7.8
1173,alliot.andre@wanadoo.fr,Dakota,Farmer,47,Cinta Negra Mobile,4.52
1174,highemotion99@gmail.com,Ari,Fernandez,35,Cinta Negra Mobile,5.35
1175,seeaskamcx@rambler.ru,Allen,Mcconnell,42,Cinta Negra Mobile,6.25
1176,jenap4k8c@rambler.ru,Samson,Sparks,34,Cinta Negra Web,1.4
1177,guinevere440th@rambler.ru,Keaton,Hammond,38,Cinta Negra Web,6.3
1178,gregorygregoryo066@gmail.com,Darien,Bray,24,Cinta Negra Mobile,7.7
1179,janasal7ccg@rambler.ru,Adyson,Marshall,32,Cinta Negra Mobile,1.1
1180,ladonnahang04@rambler.ru,Karli,Pitts,54,Cinta Blanca,4.35
1181,brame1whhance@rambler.ru,Rishi,Long,48,Cinta Roja,2.49
1182,kodamachemical10@hotmail.com,Owen,Fritz,54,Cinta Negra Web,5.73
1183,bayfordgillian37@gmail.com,Jorge,Randolph,45,Cinta Blanca,4.7
1184,tamsen13marmon@rambler.ru,Gisselle,Rush,49,Cinta Negra Mobile,2.62
1185,isdn3rasor@rambler.ru,Terry,Griffith,52,Cinta Roja,9.48
1186,paulfredrickfinanceservice@gmail.com,Joel,Sherman,47,Cinta Roja,2.21
1187,marie.holm@qq.com,Justice,Dunn,34,Cinta Negra Web,1.98
1188,lokoil.rep@gmail.com,Kathryn,Marks,51,Cinta Negra Mobile,6.22
1189,minta0ff@hotmail.com,Jaylon,Cannon,29,Cinta Roja,8.59
1190,soniiahab@hotmail.com,Allison,Stanton,24,Cinta Negra Mobile,5.94
1191,bauzabecca@speedy.com.ar,Alannah,Arroyo,50,Cinta Blanca,2.29
1192,saillong4k@hotmail.com,Lance,Hatfield,28,Cinta Roja,1.41
1193,drmichaelcollins2015@gmail.com,Jaydan,Garrison,22,Cinta Roja,7.66
1194,leslycompaore@yahoo.fr,Demarcus,Johns,35,Cinta Negra Web,9.83
1195,musausman7720@hotmail.com,Kennedi,Cline,51,Cinta Roja,5.3
1196,sherrycandler4@gmail.com,Alijah,Wiggins,19,Cinta Blanca,6.87
1197,mprosoeldinvestment@hotmail.com,Keon,Mathis,22,Cinta Negra Mobile,3.69
1198,a.mohammad5000@gmail.com,Alvaro,Ferrell,50,Cinta Negra Web,6.9
1199,omlodge@africaonline.com.na,Kaitlyn,Schwartz,20,Cinta Negra Mobile,4.55
1200,nchankhma@foxmail.com,Randy,Snow,46,Cinta Negra Web,2.71
1201,r.shell1@aol.com,Eve,Key,53,Cinta Negra Mobile,4.58
1202,fredrick_bernard49@yahoo.co.jp,Katrina,Shaw,30,Cinta Blanca,7.38
1203,fidelityinvestment080@hotmail.com,Brooke,Chen,44,Cinta Negra Web,4.71
1204,charlesmillssarb1@gmail.com,Santos,Massey,48,Cinta Roja,2.97
1205,mr.richardben894@yahoo.es,Mayra,Oneill,43,Cinta Negra Web,4.58
1206,uk_not415lott@outlook.com,Zackary,Barry,53,Cinta Roja,3.15
1207,mack6gloria@163.com,Douglas,Tyler,36,Cinta Negra Mobile,9.84
1208,DaveDawes106@foxmail.com,Kenneth,Jordan,44,Cinta Roja,5.2
1209,alanwinfrey0602@gmail.com,America,Guzman,33,Cinta Blanca,4.52
1210,hasin.sayom@yahoo.com.hk,Jaslyn,Eaton,51,Cinta Roja,6.65
1211,westernuninn.germany@gmail.com,Paris,Avila,32,Cinta Negra Mobile,2.66
1212,wlm.parker31@gmail.com,Skyler,Burch,28,Cinta Negra Mobile,9.47
1213,secrecirsezapala@speedy.com.ar,Danica,King,27,Cinta Negra Web,3.25
1214,ruizwuwu@gmail.com,Uriah,Lynn,20,Cinta Negra Web,4.17
1215,jenniferamina_syr@yahoo.com,Izabelle,Jones,35,Cinta Negra Web,2.85
1216,isdc.conference2015@outlook.com,Phoebe,Macdonald,39,Cinta Blanca,6.9
1217,officeccountswdcs0000112434@gmail.com,Macie,Bautista,19,Cinta Negra Mobile,8.12
1218,dhldeliverycompany96@gmail.com,Cassius,Carrillo,33,Cinta Roja,9.53
1219,internationalbank@onet.eu,Gregory,Wolf,31,Cinta Roja,3.57
1220,unitednation.andrewyoung@gmail.com,Heather,Ross,32,Cinta Negra Web,2.12
1221,Donald@forest.ocn.ne.jp,Arturo,Franco,35,Cinta Roja,4.72
1222,gold.cotton_merchandise@hotmail.com,Lincoln,Oconnell,36,Cinta Negra Mobile,8.29
1223,mrjim000ii11@gmail.com,Vincent,Waller,40,Cinta Negra Web,5.6
1224,mikeugo@cantv.net,Moses,Gross,48,Cinta Roja,4.75
1225,genemanager_private@y7mail.com,Bronson,Rodriguez,42,Cinta Negra Web,5.8
1226,customercare7700@hotmail.com,Kaeden,Willis,24,Cinta Roja,2.54
1227,vemmaproductinc@gmail.com,Norah,Bolton,39,Cinta Blanca,1.21
1228,roseleano800@gmail.com,Amy,Lucas,41,Cinta Negra Web,3.14
1229,jokermainguk@hotmail.com,Zariah,Cuevas,52,Cinta Negra Web,5.4
1230,efg.meyer.brown@Safe-mail.net,Diya,Harrell,48,Cinta Roja,8.88
1231,efg.bank.sweden@Safe-mail.net,Clayton,Lam,23,Cinta Negra Mobile,5.69
1232,daviesb9@gmail.com,Natasha,Trujillo,48,Cinta Negra Mobile,4.19
1233,Loanservice101@gulsen.biz.st,Gretchen,Mitchell,41,Cinta Negra Mobile,1.52
1234,riswilliams01@outlook.com,Justus,Travis,52,Cinta Negra Web,1.5
1235,baderhanali10@gmail.com,Maxwell,Robinson,52,Cinta Negra Mobile,2.65
1236,westernud1@gmail.com,Devin,Santana,23,Cinta Roja,2.16
1237,jameskeita01@gmail.com,Louis,Moran,38,Cinta Roja,3.81
1238,huget5tediego@gmail.com,Jensen,Robertson,51,Cinta Blanca,5.13
1239,jw001@bol.com.br,Brynlee,Brandt,35,Cinta Roja,8.56
1240,office6@ono.com,Angie,Bright,47,Cinta Negra Web,4.37
1241,feedexsecuriiiticompni@gmail.com,Karlee,Dillon,34,Cinta Negra Mobile,5.41
1242,lilbroillinois@gmail.com,Jared,Little,41,Cinta Blanca,2.82
1243,oliversmith.lc@aol.com,Paul,Ayers,46,Cinta Roja,2.33
1244,frank.kanchinskijr@yandex.com,Karley,Landry,47,Cinta Roja,2.52
1245,sgt.seancole2@gmail.com,Beatrice,Hartman,53,Cinta Negra Web,1.39
1246,sgtsean.cole@aol.com,Brennan,Howe,24,Cinta Negra Web,9.67
1247,dymockkeith@gmail.com,Antony,Durham,24,Cinta Blanca,3.2
1248,msjennifer884@gmail.com,Jordan,Peters,44,Cinta Negra Web,7.32
1249,fastestloanfirm1@gmail.com,Esmeralda,Chase,32,Cinta Negra Mobile,2.16
1250,long57106@126.com,Beckett,Walsh,46,Cinta Roja,1.23
1251,mrsfatimaabore2@aol.jp,Meghan,Joseph,29,Cinta Blanca,6.55
1252,mrsfatima.abore01@gmail.com,Frank,Whitney,28,Cinta Blanca,8.37
1253,uniqueloan_office@yahoo.com,Celia,Mcfarland,50,Cinta Blanca,9.1
1254,john.lindal001@gmail.com,Emilee,Chaney,40,Cinta Blanca,5.65
1255,cuong_oath@aim.com,Gabriella,Shepherd,18,Cinta Roja,2.41
1256,microsoftaward019@163.com,Skyla,Bradshaw,25,Cinta Negra Web,9.43
1257,mrjohanaa@outlook.com,Mallory,Wu,29,Cinta Negra Web,9.17
1258,jcunl062@aol.co.uk,Javon,Huerta,52,Cinta Negra Web,1.7
1259,online808765@gmail.com,Makayla,Luna,37,Cinta Negra Mobile,2.94
1260,online808765@telkomsa.net,Julianne,Dawson,40,Cinta Negra Mobile,3.31
1261,rev.hubertpoole@outlook.com,Adolfo,Harper,54,Cinta Blanca,8.2
1262,info_pujaab@outlook.com,Makena,Curry,35,Cinta Negra Mobile,9.72
1263,charlesneilwood@outlook.com,Maryjane,Alvarado,28,Cinta Negra Mobile,9.17
1264,ryabirra@gmail.com,Megan,Kline,52,Cinta Blanca,2.2
1265,nikolarito@alice.it,June,Nicholson,42,Cinta Blanca,5.75
1266,irarubosh@gmail.com,Jovany,Wall,18,Cinta Roja,4.92
1267,maron62@alice.it,Ann,Hodges,53,Cinta Negra Web,9.7
1268,mxonlinecash@gmail.com,Xander,Hurley,25,Cinta Roja,3.45
1269,info.atmpay@yandex.com,Kyson,Donaldson,28,Cinta Blanca,9.9
1270,seanhagan@imf-us.ee.tn,Arianna,Terrell,20,Cinta Negra Mobile,4.27
1271,inaciofernandos@gmail.com,Emily,Carlson,43,Cinta Negra Mobile,3.85
1272,yasmine.ecobk2004@mail.com,Pamela,Herring,24,Cinta Negra Mobile,4.8
1273,rw2220@hotmail.com,Leah,Cantrell,31,Cinta Blanca,8.38
1274,unitednationcompensation36@gmail.com,Nathanial,Douglas,46,Cinta Negra Mobile,2.31
1275,abdulhamid010@rediffmail.com,Jayda,Rowe,44,Cinta Negra Mobile,3.79
1276,brucedonbarb@charter.net,Jakobe,Caldwell,20,Cinta Blanca,6.23
1277,christopher.whit121@hotmail.com,Diamond,Buckley,45,Cinta Blanca,2.43
1278,firstladymrs.michelleobamaoffi@gmail.com,Jamiya,Torres,23,Cinta Roja,2.94
1279,clmdpt10@mit.tc,Angelica,Dixon,19,Cinta Negra Web,5.27
1280,inmobiliariadamico@speedy.com.ar,Erik,Powell,21,Cinta Negra Mobile,2.82
1281,mrs.chantal@gmx.us,Hugh,Bird,35,Cinta Roja,9.86
1282,susanhelms1970@live.com,Cash,Ryan,37,Cinta Blanca,4.46
1283,ritzcarlton@inbox.ru,Bryce,Jensen,44,Cinta Negra Mobile,9.97
1284,ritzcarltonhotel_canada@yahoo.ca,Preston,Shannon,37,Cinta Negra Web,4.81
1285,joesmith@insurer.com,Nola,Mason,37,Cinta Negra Mobile,3.35
1286,donation_project@outlook.com,Luca,Jackson,39,Cinta Roja,2.55
1287,anthonyallen118@gmail.com,Addison,Proctor,27,Cinta Negra Web,6.31
1288,ehnational.bank.joan@gmail.com,Camilla,Matthews,36,Cinta Negra Mobile,3.74
1289,happy.nast@yandex.com,Jakayla,Cook,32,Cinta Blanca,3.36
1290,rossellartoni@alice.it,Cale,Ward,46,Cinta Roja,8.41
1291,loanoneltd@gmail.com,Aedan,Love,42,Cinta Negra Web,2.42
1292,johnmike809@gmail.com,Addyson,Wilkinson,25,Cinta Roja,3.31
1293,johnsonpatrick2005@hotmail.com,Richard,Solis,21,Cinta Roja,7.98
1294,rejoicesdeerow@hotmail.com,Rashad,Mullins,39,Cinta Negra Web,7.37
1295,illuminatikingdom19@gmail.com,Charlotte,Hall,32,Cinta Negra Mobile,2.74
1296,illuminate202@gmail.com,Brendon,Spence,30,Cinta Negra Web,3.85
1297,sunshine@realtyusa.com,Abril,Tucker,47,Cinta Negra Mobile,6.93
1298,djibrilfelix52@gmail.com,Ayana,Reynolds,24,Cinta Blanca,2.62
1299,susanyakco045@gmail.com,Aidan,Livingston,23,Cinta Roja,6.74
1300,skyloancompany28@gmail.com,Mckinley,Lewis,53,Cinta Negra Mobile,4.55
1301,kudusmatu05@gmail.com,Hana,Petty,43,Cinta Negra Web,3.95
1302,liliane.bettencourts@hotmail.com,Makhi,Bass,54,Cinta Roja,1.73
1303,drusmanhassan1960@outlook.com,Bernard,Castillo,23,Cinta Blanca,9.57
1304,hassanusman703@gmail.com,Zachery,Hood,26,Cinta Roja,1.63
1305,mrsreginalili@gmail.com,Delaney,Jenkins,28,Cinta Negra Web,8.18
1306,ruthnbh@gmail.com,Cristopher,Webb,52,Cinta Blanca,6.56
1307,drasha.kursofa@mail.ru,Taliyah,Warner,47,Cinta Roja,3.89
1308,lili.b6060@gmail.com,Tyrell,Quinn,38,Cinta Roja,7.1
1309,howardcohen729@gmail.com,Emelia,Lee,39,Cinta Roja,8.1
1310,angelascot@barid.com,Fatima,Bernard,34,Cinta Negra Mobile,7.65
1311,Needmore@cbssportsinteractive.com,Tessa,Cervantes,48,Cinta Negra Web,6.21
1312,hamabid.hassan@hotmail.com,Coby,Martin,32,Cinta Negra Mobile,8.22
1313,julsamake@gmail.com,Hannah,Compton,52,Cinta Negra Mobile,2.88
1314,hogudesire@gmail.com,Brycen,Garcia,22,Cinta Roja,5.83
1315,amiraahmedabdalla@gmail.com,Kasey,Ballard,51,Cinta Roja,3.3
1316,annamikk.yacubu5@aol.com,Trey,Horn,45,Cinta Negra Web,1.64
1317,mikk_yacubu@voila.fr,Kamari,Acosta,25,Cinta Negra Mobile,5.47
1318,yhc8155@gmail.com,Jason,Delgado,30,Cinta Negra Mobile,1.7
1319,barr.desmondjames@live.com,Pierre,Stout,46,Cinta Blanca,8.26
1320,paul.pastorello@gmail.com,Casey,Taylor,24,Cinta Negra Web,2.2
1321,chrymn@gmail.com,Mohammad,Ponce,37,Cinta Negra Mobile,2.46
1322,accessloanservic@gmail.com,Ibrahim,Barton,47,Cinta Blanca,2.36
1323,diiiplomatmarkubadiii@gmail.com,Todd,Pruitt,32,Cinta Negra Web,4.33
1324,acct.depatment@hotmail.com,Kason,Flores,23,Cinta Roja,5.37
1325,jamesreedcnnnetwork@gmail.com,Caitlin,Sampson,31,Cinta Blanca,4.77
1326,maureenhinck_ley@hotmail.com,Rey,Carr,32,Cinta Blanca,6.3
1327,bf.wu@yahoo.fr,Lilian,Mccann,53,Cinta Blanca,9.59
1328,belvidaashaty@hotmail.com,Ivan,Summers,32,Cinta Negra Mobile,9.61
1329,captainannac@gmail.com,Jacey,Coffey,21,Cinta Roja,4.29
1330,williamoliver775@gmail.com,Tucker,Woods,25,Cinta Blanca,1.44
1331,seciohr2015@yandex.com,Tomas,Blair,43,Cinta Negra Web,3.53
1332,barrottihbenson@hotmail.com,Araceli,Hawkins,39,Cinta Negra Mobile,7.35
1333,princemonaco4000@yahoo.com,Skye,Hoffman,20,Cinta Roja,5.26
1334,officeo@ymail.com,Anabella,Bush,31,Cinta Negra Web,2.77
1335,rubymuhammad@hotmail.com,Reilly,Johnston,50,Cinta Roja,1.31
1336,ofice.westernunnun1@outlook.com,Humberto,Yu,44,Cinta Blanca,8.51
1337,gbayfords68@gmail.com,Cailyn,Stafford,45,Cinta Negra Web,4.74
1338,brrisbrown@yahoo.com,Brice,Bruce,19,Cinta Negra Mobile,3.2
1339,excelllence@publidirect.it,Jayvion,Blankenship,54,Cinta Blanca,4.78
1340,charitys@info.net,Eileen,Garrett,40,Cinta Negra Mobile,7.22
1341,billdonationsoffice@gmail.com,Salvador,Barnett,51,Cinta Roja,8.15
1342,dr.johnmorganfinance@gmail.com,Isaias,Wheeler,45,Cinta Negra Mobile,2.9
1343,goldenbracelets@pointernation.com,Greyson,Glenn,54,Cinta Negra Web,1.55
1344,rodriguez.ore.carlos@gmail.com,Ellie,Walker,46,Cinta Negra Web,8.82
1345,india_funding2@aol.com,Shyann,Swanson,49,Cinta Negra Mobile,9.3
1346,finance@newbridgeln.com,Kristopher,Davenport,18,Cinta Blanca,1.71
1347,sanjoserojas@speedy.com.ar,Peter,Reese,43,Cinta Blanca,4.5
1348,robert.duxe@aol.fr,Ximena,Davila,50,Cinta Blanca,2.39
1349,chrisweir12@foxmail.com,Ansley,Dominguez,46,Cinta Negra Mobile,3.3
1350,colinchriswier1@gmail.com,Marisa,Morse,33,Cinta Roja,2.8
1351,mariushallima@gmail.com,Aiyana,Vaughn,32,Cinta Blanca,7.14
1352,costumersserviceoffice@gmail.com,Susan,Bradley,34,Cinta Roja,8.14
1353,mrs.sarahjehi2002@gmail.com,Jaylen,Weeks,20,Cinta Negra Web,9.2
1354,estherj882@gmail.com,Ashly,Hart,20,Cinta Negra Web,7.28
1355,mrsesther.heidi13@aol.fr,Itzel,Morrison,50,Cinta Negra Mobile,6.1
1356,cap.annacrossley@gmail.com,Emmy,Chavez,26,Cinta Blanca,6.22
1357,lizabethlu@gmail.com,Aniya,Carpenter,37,Cinta Negra Mobile,4.62
1358,susanperry122@gmail.com,Ayla,Jefferson,25,Cinta Negra Web,8.82
1359,Stevesteenkamp123@gmail.com,Kadyn,Wilkins,41,Cinta Blanca,6.93
1360,alicewalton.us@gmail.com,Harper,Marsh,31,Cinta Roja,3.64
1361,aishakhamisgaddafi467@gmail.com,Aaden,Weaver,50,Cinta Blanca,2.54
1362,georgelagu98@gmail.com,Jaidyn,Bishop,48,Cinta Blanca,7.54
1363,marlainekabore59@gmail.com,Isai,Li,22,Cinta Negra Mobile,8.87
1364,contactus@ubagroup.ugi.cc,Nathen,Bryant,21,Cinta Negra Mobile,3.48
1365,mrsyildizgabriel@gmx.com,Alivia,Reyes,36,Cinta Negra Mobile,3.57
1366,infousembassy001@qq.com,Shayla,Foster,34,Cinta Negra Mobile,4.51
1367,madamesuzane.marie@gmail.com,Aubrey,Parsons,27,Cinta Negra Web,3.17
1368,alhassnekeita2007@gmail.com,Luciana,Vaughan,18,Cinta Roja,8.61
1369,jjmanuagwu@gmail.com,Melissa,Cole,21,Cinta Negra Mobile,1.58
1370,jjmanuagwu2@gmail.com,Landen,Lester,26,Cinta Blanca,1.75
1371,owengeorge2015@e1.ru,Alex,Mccarty,18,Cinta Roja,2.69
1372,godswingoodluck111@gmail.com,Amiyah,Walters,21,Cinta Blanca,3.51
1373,mrs.alicia_umaru@yahoo.fr,Audrey,Ritter,26,Cinta Negra Web,4.32
1374,moneygramofficce@hotmail.com,Anya,Kidd,31,Cinta Blanca,3.35
1375,mrjohngriffithjonesfcauk@englandmail.com,Reuben,Schaefer,36,Cinta Negra Mobile,3.25
1376,johngriffith-jonesfcauk@englandmail.com,Daniela,Serrano,26,Cinta Negra Web,7.23
1377,neslte_hbd@outlook.my,Ezra,Salazar,19,Cinta Negra Mobile,9.47
1378,mrs.maryamforsythe1@yahoo.com,Kasey,Mcdonald,21,Cinta Roja,4.94
1379,elizjohnson050@yahoo.com,Jayleen,Gregory,19,Cinta Roja,4.23
1380,juan.retamero@speedy.com.ar,Rhys,Lamb,25,Cinta Blanca,8.25
1381,marcos_rfc@speedy.com.ar,Haylee,Porter,52,Cinta Negra Mobile,1.25
1382,claimingmanager01@yahoo.com,Catherine,Cunningham,52,Cinta Negra Web,7.3
1383,marcos_rfc@speedy.com.ar,Miguel,Wallace,36,Cinta Negra Mobile,5.9
1384,paulompaore@yahoo.fr,Cornelius,Krause,26,Cinta Negra Mobile,5.89
1385,sulaiman.al.rajhi.saar966@outlook.com,Royce,Lawson,33,Cinta Negra Web,1.92
1386,wendyanderson001@aol.com,Cody,Barrett,21,Cinta Blanca,7.92
1387,jp.sankoyi@yahoo.com,Sterling,Strickland,31,Cinta Blanca,4.21
1388,abcelconfecciones@speedy.com.ar,Porter,Reid,35,Cinta Negra Web,9.92
1389,mrs.dionj12@yahoo.fr,Eduardo,Bridges,19,Cinta Negra Web,4.27
1390,lowrrymax0101@rediffmail.com,Niko,Lowe,49,Cinta Negra Mobile,9.4
1391,hale.dave04@gmail.com,Jerry,Charles,28,Cinta Roja,7.69
1392,mrslauradavidson@yahoo.com,Marin,Rangel,40,Cinta Roja,2.42
1393,mrslauradavidson@hotmail.com,Darius,Andrews,53,Cinta Negra Web,1.18
1394,choeeng96@gmail.com,Davis,Clark,43,Cinta Blanca,5.49
1395,seanhagan@usa-imf.ee.tn,Misael,Gill,38,Cinta Roja,5.8
1396,bri.inker@orange.fr,Justice,Avery,49,Cinta Negra Web,1.88
1397,loandesk@hotmail.com,Noah,Henson,44,Cinta Negra Web,9.66
1398,bankhsbcregional@gmail.com,Eugene,Bowman,54,Cinta Blanca,3.83
1399,info.aso@mail.com,Greta,Shelton,33,Cinta Negra Web,8.81
1400,santa_mascorro@hotmail.com,Lola,Mack,24,Cinta Negra Mobile,6.22
1401,bonolotoclaims@myfairpoint.net,Maximillian,Ellis,24,Cinta Blanca,1.2
1402,unbtransfer@gmail.com,Ernesto,Ingram,34,Cinta Blanca,1.22
1403,009mailverb@gmail.com,Rodolfo,Leach,42,Cinta Negra Mobile,4.76
1404,pjg13@aol.com,Maddison,Sandoval,50,Cinta Negra Web,9.97
1405,manchestar83@yahoo.co.jp,Armani,Blanchard,31,Cinta Blanca,1.52
1406,test2@uniform.co.jp,Messiah,Allison,22,Cinta Blanca,3.14
1407,thomasemerson1960@gmail.com,Akira,Sawyer,19,Cinta Blanca,4.7
1408,oficefilee@ono.com,Viviana,Bauer,32,Cinta Roja,6.41
1409,taifanoway2003@gmail.com,Mercedes,Valenzuela,22,Cinta Blanca,7.22
1410,officemails1961@yahoo.co.jp,Michelle,Melton,44,Cinta Negra Mobile,6.7
1411,globalmax@financier.com,Zion,Mcmahon,54,Cinta Roja,4.68
1412,rbitransferclaims@hotmail.com,Carmelo,Cameron,31,Cinta Blanca,6.44
1413,drosusutemple@hotmail.com,John,Blackwell,53,Cinta Blanca,6.15
1414,rmutilva@speedy.com.ar,Ashleigh,Kaufman,24,Cinta Blanca,4.23
1415,sandrin.diko01@gmail.com,Colton,Villanueva,30,Cinta Negra Mobile,7.59
1416,oli_pwl@hotmail.com,Aron,Burton,39,Cinta Blanca,3.44
1417,jenniferwaldemarstani@gmail.com,Damion,Huang,51,Cinta Blanca,6.55
1418,cchinlyn@aol.com,Teagan,Hull,51,Cinta Negra Web,7.91
1419,patelnimeshj@gmail.com,Melvin,Chambers,24,Cinta Blanca,7.36
1420,evelyneazim@yahoo.fr,Josue,Hurst,23,Cinta Blanca,3.9
1421,capt.mike.gacc@gmail.com,Solomon,Mullen,22,Cinta Blanca,9.28
1422,mr.saliuali17@gmail.com,Gavyn,Esparza,41,Cinta Negra Web,3.49
1423,paull.bben@gmail.com,Semaj,Daniels,45,Cinta Roja,3.73
1424,adamsrealadamsu@yahoo.co.uk,Zane,Beltran,18,Cinta Blanca,3.66
1425,cali@saasitech.com,Jameson,Wiley,23,Cinta Blanca,3.5
1426,mgt0600@gmail.com,Jaylene,Powers,31,Cinta Negra Mobile,2.51
1427,beckbetour@gmail.com,Andrea,Odonnell,52,Cinta Negra Web,8.62
1428,mrjohncliff@hotmail.com,Anna,Holland,49,Cinta Roja,1.97
1429,mr.hillary.benson756@outlook.com,Baron,Conley,41,Cinta Negra Mobile,8.23
1430,myfileoffi@ono.com,Jennifer,Lin,27,Cinta Negra Web,1.86
1431,godwinemefiele2.infocbn@gmail.com,Reagan,Davies,47,Cinta Negra Mobile,3.59
1432,dqsdqsd@sohre.vicomprime.com,Charlie,Anderson,41,Cinta Negra Mobile,2.42
1433,parupsqqsm47324@aol.com,Micah,Ayala,43,Cinta Roja,5.79
1434,70hill@gmail.com,Victoria,Malone,51,Cinta Negra Web,8.51
1435,barrfrankmoses@outlook.com,Kenzie,Frazier,49,Cinta Blanca,4.56
1436,allianceloanuk@aol.com,Anika,Hicks,52,Cinta Roja,9.5
1437,jmfinancialservice@yahoo.com,Marilyn,Tanner,22,Cinta Negra Mobile,7.19
1438,unitednationspolice@hotmail.com,Shayna,Stephenson,28,Cinta Blanca,2.3
1439,damitartpaul_lare1@hotmail.com,Katherine,Bailey,32,Cinta Negra Web,2.15
1440,mrkevinyoung67@gmail.com,Yoselin,Francis,24,Cinta Negra Mobile,5.81
1441,carorichard001@gmail.com,Giovanna,Cortez,21,Cinta Negra Web,9.88
1442,cardinalohams@gmail.com,Keyon,Cardenas,45,Cinta Roja,4.5
1443,burhamgrevenvjn@hotmail.com,Aniyah,Ashley,20,Cinta Roja,2.44
1444,mrjohncliff@hotmail.com,Theresa,Morales,30,Cinta Blanca,7.15
1445,larrygales12@hotmail.com,Xiomara,Carson,40,Cinta Blanca,8.49
1446,diplomatjameslucas@outlook.com,Riya,Nash,46,Cinta Blanca,5.2
1447,premiumcustomer@iphone.com,Saige,English,44,Cinta Roja,2.44
1448,customers@iphone.com,Duncan,Bentley,43,Cinta Roja,6.76
1449,uniceffrancedirection@yahoo.fr,Kendra,Holden,53,Cinta Roja,1.47
1450,usambassadoroffice51@gmail.com,Izaiah,Guerrero,30,Cinta Negra Mobile,6.56
1451,www.bankofamerica07@gmail.com,Campbell,Henderson,49,Cinta Blanca,5.75
1452,NortonFinanceLoans@qq.com,Giancarlo,Church,22,Cinta Roja,1.5
1453,mrs.Chantal@gmx.com,Jacob,Hampton,19,Cinta Negra Mobile,3.17
1454,fala.ala@aol.com,Rylee,Parrish,51,Cinta Negra Web,7.59
1455,laurenthomasj@gmail.com,Martha,Tate,28,Cinta Blanca,8.4
1456,fastestloan@qq.com,Kian,Burns,43,Cinta Blanca,3.48
1457,alwayne1@charter.ne,Finn,Fletcher,21,Cinta Blanca,9.16
1458,harolddia0001@hotmail.com,Kareem,David,31,Cinta Roja,5.38
1459,pablohernanadez1@foxmail.com,Alaina,Mercado,45,Cinta Roja,3.96
1460,helpdesk0981@outlook.com,Walker,Ewing,19,Cinta Roja,3.4
1461,sifarcrownilluminatigroup@yahoo.com,Konner,Young,39,Cinta Negra Web,6.3
1462,prosper.smith@outlook.com,Evan,Boyle,49,Cinta Negra Mobile,9.56
1463,ups-dispatchcs1@post.com,Sage,Robles,26,Cinta Roja,2.9
1464,drwengeorge@gmail.com,Charlize,Hines,27,Cinta Negra Web,8.5
1465,jameskennedyoffice@yandex.com,Bruno,Daugherty,48,Cinta Negra Mobile,4.2
1466,unitedbankforafrica146@yahoo.com,Melany,Leblanc,33,Cinta Negra Web,9.47
1467,ca.ndoye@gmail.com,Alexus,Schneider,40,Cinta Negra Mobile,7.15
1468,walkerheath@rogers.com,Hayley,Mosley,37,Cinta Blanca,9.89
1469,infoglodex1988@gmail.com,Jade,Mcintyre,48,Cinta Roja,9.87
1470,davedawes444@qq.com,Aileen,Holmes,41,Cinta Roja,8.18
1471,ajaysmiths@hotmail.com,Philip,Odom,27,Cinta Roja,7.54
1472,drmleicesters@yahoo.com.tw,Kamden,Singh,45,Cinta Roja,3.8
1473,lottery@yahoogroups.com.tw,Brogan,Mejia,22,Cinta Negra Web,3.26
1474,Valerie.V.Patterson@market-count.com,Kaylyn,Hopkins,35,Cinta Blanca,9.49
1475,mrsjenniferwaldemarstani15@gmail.com,Kaia,Gordon,36,Cinta Roja,7.35
1476,susanabelli@speedy.com.ar,Cullen,Holder,28,Cinta Negra Mobile,7.16
1477,guarloan01@gmail.com,Jadiel,Villarreal,32,Cinta Blanca,5.89
1478,minta087@hotmail.com,Zack,Cummings,50,Cinta Negra Web,6.9
1479,misssindijustinyake@gmail.com,Danielle,Cisneros,25,Cinta Negra Web,2.77
1480,mrsreginasfirm@outlook.lv,Alberto,Mcclain,36,Cinta Blanca,8.69
1481,jeniferoliver9@gmail.com,Alondra,Barajas,34,Cinta Roja,5.47
1482,inforegistraroffice@aim.com,Malaki,Sanchez,35,Cinta Negra Mobile,8.37
1483,wongaexpressloan@financier.com,Hailie,Bond,35,Cinta Negra Mobile,3.7
1484,unbankinternation@gmail.com,Nikolas,Leonard,23,Cinta Negra Mobile,4.32
1485,harper.dav@yandex.com,Nyasia,Dougherty,40,Cinta Roja,5.3
1486,haperdavid.harper@yahoo.co.uk,Heath,Stanley,28,Cinta Blanca,6.32
1487,cparg@speedy.com.ar,Lillianna,Arias,18,Cinta Roja,4.52
1488,info.smithloans@aol.com,Bradyn,Hubbard,21,Cinta Roja,3.82
1489,joneswildman4@gmail.com,Harper,Fisher,51,Cinta Roja,8.66
1490,ryanbaudwincharmbers@msn.com,Madison,Koch,37,Cinta Negra Mobile,6.36
1491,allianceloanuk@aol.com,Tyrone,Edwards,31,Cinta Roja,8.15
1492,lordkhensutemple@gmail.com,Leon,Warren,21,Cinta Blanca,7.14
1493,samlaidlaw40@qq.com,Sydnee,Bowers,44,Cinta Blanca,8.43
1494,alomargroupholding@yahoo.co.uk,Russell,Rios,19,Cinta Negra Mobile,3.69
1495,huangrong@vip.163.com,Jaqueline,Pierce,34,Cinta Roja,3.55
1496,msschristinelagarde@outlook.com,Leonidas,Mcbride,45,Cinta Blanca,5.96
1497,imfpays@gmail.com,Paityn,Payne,45,Cinta Negra Mobile,6.36
1498,roselyngerard101@gmail.com,Nicole,Paul,37,Cinta Roja,9.85
1499,zdinator01@outlook.fr,Abbigail,Hebert,36,Cinta Roja,8.98
1500,Dclrecruitmentdepartment@AnAustralian.com,Kyla,Fischer,51,Cinta Blanca,2.44
